state_code,date,commodity,total_allocated_qty
AN,2017-09-30,rice,0.09999999999999999
AN,2017-10-31,wheat,3.3699999999999997
AN,2017-11-30,rice,1040.43
AN,2017-11-30,wheat,22.58
AN,2017-12-31,rice,1129.41
AN,2017-12-31,wheat,24.05
AN,2018-01-31,rice,1220.9
AN,2018-01-31,wheat,24.08
AN,2018-02-28,rice,116.73
AN,2018-03-31,rice,116.19
AN,2018-04-30,rice,407.87
AN,2018-04-30,wheat,34.0
AN,2018-05-31,rice,414.04999999999995
AN,2018-05-31,wheat,35.84
AN,2018-06-30,rice,429.04
AN,2018-06-30,wheat,38.45
AN,2018-07-31,rice,436.08000000000004
AN,2018-07-31,wheat,38.81
AN,2018-08-31,rice,423.13
AN,2018-08-31,wheat,40.75
AN,2018-09-30,rice,416.77
AN,2018-09-30,wheat,40.03
AN,2018-10-31,rice,456.9
AN,2018-10-31,wheat,38.97
AN,2018-11-30,rice,472.75
AN,2018-11-30,wheat,37.65
AN,2018-12-31,rice,530.01
AN,2018-12-31,wheat,37.58
AN,2019-01-31,rice,348.29
AN,2019-01-31,wheat,37.75
AN,2019-04-30,rice,296.61
AN,2019-04-30,wheat,3.36
AN,2019-05-31,rice,276.01
AN,2019-05-31,wheat,3.42
AN,2019-06-30,rice,254.58999999999997
AN,2019-06-30,wheat,0.07
AN,2019-07-31,rice,289.33
AN,2019-07-31,wheat,0.08
AN,2019-08-31,rice,320.45
AN,2019-08-31,wheat,0.06
AN,2019-09-30,rice,260.2
AN,2019-09-30,wheat,0.5800000000000001
AN,2019-10-31,rice,289.99
AN,2019-10-31,wheat,0.25
AN,2019-11-30,rice,303.34000000000003
AN,2019-11-30,wheat,0.17
AN,2019-12-31,rice,307.2
AN,2019-12-31,wheat,23.759999999999998
AN,2020-01-31,rice,307.22
AN,2020-01-31,wheat,38.849999999999994
AN,2020-02-29,rice,317.43
AN,2020-02-29,wheat,2.22
AN,2020-03-31,rice,275.52
AN,2020-03-31,wheat,0.46
AN,2020-04-30,rice,586.45
AN,2020-04-30,wheat,73.94
AN,2020-05-31,rice,28.64
AN,2020-05-31,wheat,0.99
AN,2020-06-30,rice,590.3
AN,2020-06-30,wheat,0.77
AN,2020-07-31,rice,65.53999999999999
AN,2020-07-31,wheat,0.16999999999999998
AN,2020-08-31,rice,503.64
AN,2020-09-30,rice,110.05
AN,2020-10-31,rice,637.34
AN,2020-11-30,rice,91.17
AN,2020-12-31,rice,575.96
AN,2021-01-31,rice,24.4
AN,2021-02-28,rice,292.04999999999995
AN,2021-03-31,rice,401.85
AN,2021-04-30,rice,317.54
AN,2021-05-31,rice,317.81
AN,2021-06-30,rice,316.04
AP,2017-08-31,rice,142.87
AP,2017-09-30,rice,133.54
AP,2017-10-31,rice,158506.74
AP,2017-11-30,rice,157594.87
AP,2017-12-31,rice,156928.57
AP,2018-01-31,rice,157013.18
AP,2018-02-28,rice,156996.38
AP,2018-03-31,rice,157091.73
AP,2018-04-30,rice,159901.96
AP,2018-05-31,rice,160109.87
AP,2018-06-30,rice,160137.97
AP,2018-07-31,rice,160371.31
AP,2018-08-31,rice,160133.82
AP,2018-09-30,rice,160285.96
AP,2018-10-31,rice,160158.5
AP,2018-11-30,rice,160280.12
AP,2018-12-31,rice,160349.46
AP,2019-01-31,rice,160419.66
AP,2019-02-28,rice,157155.74
AP,2019-03-31,rice,156920.47
AP,2019-04-30,rice,2956.6800000000003
AP,2019-05-31,rice,157363.30000000002
AP,2019-06-30,rice,159257.83
AP,2019-07-31,rice,157195.71
AP,2019-08-31,rice,157342.39
AP,2019-09-30,rice,11577.57
AP,2019-10-31,rice,9994.82
AP,2019-11-30,rice,156209.94
AP,2019-12-31,rice,156186.78
AP,2020-01-31,rice,156177.28
AP,2020-02-29,rice,156171.8
AP,2020-03-31,rice,156023.45
AP,2020-04-30,rice,156023.43
AP,2020-05-31,rice,153332.76
AP,2020-06-30,rice,153576.42
AP,2020-07-31,rice,153577.14
AP,2020-08-31,rice,171531.2
AP,2020-09-30,rice,155321.51
AP,2020-10-31,rice,155340.02
AP,2020-11-30,rice,154119.1
AP,2020-12-31,rice,153377.37
AP,2021-01-31,rice,153114.83
AP,2021-02-28,rice,152838.62
AP,2021-03-31,rice,152838.62
AP,2021-04-30,rice,153318.35
AP,2021-05-31,rice,153129.54
AP,2021-06-30,rice,150269.11
AP,2021-07-31,rice,131602.33
AP,2021-08-31,rice,123202.52
AP,2021-09-30,rice,131590.23
AR,2017-12-31,rice,266.42
AR,2018-01-31,rice,3628.8
AR,2018-02-28,rice,3628.8
AR,2018-03-31,rice,3286.5
AR,2018-04-30,rice,5677.450000000001
AR,2018-05-31,rice,4677.45
AR,2018-06-30,rice,4677.45
AR,2018-07-31,rice,4691.55
AR,2018-07-31,wheat,0.2
AR,2018-08-31,rice,4692.36
AR,2018-09-30,rice,9323.53
AR,2018-10-31,rice,9152.32
AR,2018-11-30,rice,9164.55
AR,2018-12-31,rice,9163.55
AR,2019-01-31,rice,9279.01
AR,2019-02-28,rice,9243.89
AR,2019-03-31,rice,9242.85
AR,2019-04-30,rice,9809.42
AR,2019-04-30,wheat,35.96
AR,2019-05-31,rice,9919.43
AR,2019-06-30,rice,9438.22
AR,2019-07-31,rice,8704.67
AR,2019-08-31,rice,9010.95
AR,2019-09-30,rice,9327.39
AR,2019-10-31,rice,9195.21
AR,2019-11-30,rice,9150.42
AR,2019-12-31,rice,8980.71
AR,2020-01-31,rice,13460.51
AR,2020-02-29,rice,10552.57
AR,2020-03-31,rice,10252.33
AR,2020-04-30,rice,8658.89
AR,2020-05-31,rice,9038.63
AR,2020-06-30,rice,8627.79
AR,2020-07-31,rice,8598.99
AR,2020-08-31,rice,8433.87
AR,2020-09-30,rice,8080.86
AR,2020-10-31,rice,10691.31
AR,2020-11-30,rice,6121.84
AR,2020-12-31,rice,5303.59
AR,2021-01-31,rice,5765.31
AR,2021-02-28,rice,5397.65
AR,2021-03-31,rice,5851.67
AR,2021-04-30,rice,5505.35
AR,2021-05-31,rice,6515.3
AR,2021-06-30,rice,6011.08
AR,2021-07-31,rice,1356.71
AR,2021-08-31,rice,1147.04
AR,2021-09-30,rice,774.49
AS,2017-08-31,rice,4306.26
AS,2017-11-30,rice,4418.02
AS,2017-12-31,rice,4414.02
AS,2018-01-31,rice,124374.67
AS,2018-01-31,wheat,3665.75
AS,2018-02-28,rice,175606.63
AS,2018-02-28,wheat,3374.95
AS,2018-03-31,rice,124656.53
AS,2018-03-31,wheat,5614.95
AS,2018-04-30,rice,126145.07
AS,2018-04-30,wheat,6710.9
AS,2018-05-31,rice,125455.70999999999
AS,2018-05-31,wheat,3858.5
AS,2018-06-30,rice,125448.49
AS,2018-06-30,wheat,3756.19
AS,2018-07-31,rice,125579.89
AS,2018-07-31,wheat,3846.3
AS,2018-08-31,rice,126780.06
AS,2018-08-31,wheat,4102.34
AS,2018-09-30,rice,124299.90000000001
AS,2018-09-30,wheat,3245.83
AS,2018-10-31,rice,125286.47
AS,2018-10-31,wheat,3116.4
AS,2018-11-30,rice,125261.32
AS,2018-11-30,wheat,3615.23
AS,2018-12-31,rice,124355.67
AS,2018-12-31,wheat,3372.6
AS,2019-01-31,rice,112367.43
AS,2019-01-31,wheat,6886.99
AS,2019-02-28,rice,95829.61
AS,2019-02-28,wheat,3472.0
AS,2019-03-31,rice,117722.01
AS,2019-03-31,wheat,4591.9
AS,2019-04-30,rice,108788.91
AS,2019-04-30,wheat,3887.5
AS,2019-05-31,rice,123749.48999999999
AS,2019-05-31,wheat,4652.7
AS,2019-06-30,rice,124545.05
AS,2019-06-30,wheat,4465.0
AS,2019-07-31,rice,124484.64
AS,2019-07-31,wheat,4091.6
AS,2019-08-31,rice,124477.36
AS,2019-08-31,wheat,5098.1
AS,2019-09-30,rice,124466.62
AS,2019-09-30,wheat,4584.0
AS,2019-10-31,rice,138096.12
AS,2019-10-31,wheat,5102.8
AS,2019-11-30,rice,124486.6
AS,2019-11-30,wheat,5003.85
AS,2019-12-31,rice,154444.15
AS,2019-12-31,wheat,4913.55
AS,2020-01-31,rice,124500.39
AS,2020-01-31,wheat,5019.5
AS,2020-02-29,rice,124473.1
AS,2020-02-29,wheat,5023.2
AS,2020-03-31,rice,124461.89
AS,2020-03-31,wheat,5023.9
AS,2020-04-30,rice,124478.03
AS,2020-04-30,wheat,4995.25
AS,2020-05-31,rice,124572.07
AS,2020-05-31,wheat,5020.25
AS,2020-06-30,rice,124545.66
AS,2020-06-30,wheat,5122.07
AS,2020-07-31,rice,124609.06999999999
AS,2020-07-31,wheat,4964.85
AS,2020-08-31,rice,124774.28
AS,2020-08-31,wheat,5096.25
AS,2020-09-30,rice,115813.94
AS,2020-09-30,wheat,4179.0
AS,2020-10-31,rice,125140.56
AS,2020-10-31,wheat,4970.25
AS,2020-11-30,rice,124887.23
AS,2020-11-30,wheat,5402.02
AS,2020-12-31,rice,125270.36
AS,2020-12-31,wheat,5106.25
AS,2021-01-31,rice,117926.44
AS,2021-01-31,wheat,4858.35
AS,2021-02-28,rice,119549.17
AS,2021-02-28,wheat,5198.25
AS,2021-03-31,rice,125430.95
AS,2021-03-31,wheat,5478.35
AS,2021-04-30,rice,114837.12
AS,2021-04-30,wheat,5482.17
AS,2021-05-31,rice,122873.16
AS,2021-05-31,wheat,5338.95
AS,2021-06-30,rice,107765.68
AS,2021-06-30,wheat,4573.95
AS,2021-07-31,rice,115975.59
AS,2021-07-31,wheat,4882.25
AS,2021-08-31,rice,87089.92
AS,2021-08-31,wheat,3379.6
BR,2017-08-31,wheat,0.42
BR,2017-09-30,wheat,0.42
BR,2017-11-30,rice,422.43
BR,2017-11-30,wheat,281.62
BR,2017-12-31,rice,31309.67
BR,2017-12-31,wheat,20873.06
BR,2018-01-31,rice,233708.58000000002
BR,2018-01-31,wheat,155806.32
BR,2018-02-28,rice,255190.85
BR,2018-02-28,wheat,152169.55
BR,2018-03-31,rice,251443.43
BR,2018-03-31,wheat,169418.35
BR,2018-04-30,rice,274457.68
BR,2018-04-30,wheat,183677.92
BR,2018-05-31,rice,270807.37
BR,2018-05-31,wheat,180729.05000000002
BR,2018-06-30,rice,270615.65
BR,2018-06-30,wheat,180421.73
BR,2018-07-31,rice,269033.36
BR,2018-07-31,wheat,179357.08
BR,2018-08-31,rice,271255.48
BR,2018-08-31,wheat,181033.05
BR,2018-09-30,rice,272584.22
BR,2018-09-30,wheat,182020.93
BR,2018-10-31,rice,272821.3
BR,2018-10-31,wheat,181881.24
BR,2018-11-30,rice,269610.84
BR,2018-11-30,wheat,179864.7
BR,2018-12-31,rice,272767.18
BR,2018-12-31,wheat,181499.38
BR,2019-01-31,rice,273635.68
BR,2019-01-31,wheat,182370.98
BR,2019-02-28,rice,281001.39
BR,2019-02-28,wheat,187067.88
BR,2019-03-31,rice,275501.02
BR,2019-03-31,wheat,183670.02
BR,2019-04-30,rice,277384.64
BR,2019-04-30,wheat,184947.16
BR,2019-05-31,rice,288513.9
BR,2019-05-31,wheat,183307.88
BR,2019-06-30,rice,286494.95
BR,2019-06-30,wheat,190983.72
BR,2019-07-31,rice,285812.23
BR,2019-07-31,wheat,190587.76
BR,2019-08-31,rice,311993.78
BR,2019-08-31,wheat,207995.73
BR,2019-09-30,rice,299521.52
BR,2019-09-30,wheat,199682.37
BR,2019-10-31,rice,400164.25
BR,2019-10-31,wheat,266778.59
BR,2019-11-30,rice,499185.81
BR,2019-11-30,wheat,332804.55
BR,2019-12-31,rice,523622.33
BR,2019-12-31,wheat,348991.92
BR,2020-01-31,rice,514442.45
BR,2020-01-31,wheat,342949.56
BR,2020-02-29,rice,490556.05
BR,2020-02-29,wheat,327039.52
BR,2020-03-31,rice,482881.14
BR,2020-03-31,wheat,321920.38
BR,2020-04-30,rice,287722.52
BR,2020-04-30,wheat,191634.44
BR,2020-05-31,rice,274032.92
BR,2020-05-31,wheat,182691.06
BR,2020-06-30,rice,263905.52
BR,2020-06-30,wheat,175937.25
BR,2020-07-31,rice,269070.83
BR,2020-07-31,wheat,179375.9
BR,2020-08-31,rice,254584.4
BR,2020-08-31,wheat,169725.53
BR,2020-09-30,rice,294231.69
BR,2020-09-30,wheat,196154.4
BR,2020-10-31,rice,294342.34
BR,2020-10-31,wheat,196228.23
BR,2020-11-30,rice,294494.08999999997
BR,2020-11-30,wheat,196329.38
BR,2020-12-31,rice,294589.23
BR,2020-12-31,wheat,196392.79
BR,2021-01-31,rice,294589.16
BR,2021-01-31,wheat,196392.76
BR,2021-02-28,rice,269187.41
BR,2021-02-28,wheat,179458.3
BR,2021-03-31,rice,269187.41
BR,2021-03-31,wheat,179458.3
BR,2021-04-30,rice,292948.77999999997
BR,2021-04-30,wheat,195299.18
BR,2021-05-31,rice,271699.43
BR,2021-05-31,wheat,181132.97
BR,2021-06-30,rice,271921.41
BR,2021-06-30,wheat,181280.92
BR,2021-07-31,rice,279386.39
BR,2021-07-31,wheat,186256.55
BR,2021-08-31,rice,275318.45
BR,2021-08-31,wheat,183545.62
CG,2017-08-31,rice,114.53
CG,2017-09-30,rice,113.91000000000001
CG,2017-10-31,rice,115270.32
CG,2017-11-30,rice,115448.29000000001
CG,2017-12-31,rice,115528.49
CG,2018-01-31,rice,234881.62
CG,2018-02-28,rice,32049.83
CG,2018-03-31,rice,160099.97
CG,2018-04-30,rice,103649.65
CG,2018-05-31,rice,119621.84
CG,2018-06-30,rice,124848.29000000001
CG,2018-07-31,rice,119480.04000000001
CG,2018-08-31,rice,118011.72
CG,2018-09-30,rice,117291.27
CG,2018-10-31,rice,235160.04
CG,2018-11-30,rice,118763.37
CG,2018-12-31,rice,118702.39
CG,2019-01-31,rice,118796.19
CG,2019-02-28,rice,118928.79
CG,2019-03-31,rice,117304.82
CG,2019-04-30,rice,118773.93
CG,2019-05-31,rice,115905.36
CG,2019-06-30,rice,118452.8
CG,2019-07-31,rice,117527.73
CG,2019-08-31,rice,117166.70999999999
CG,2019-09-30,rice,116860.68
CG,2019-10-31,rice,118301.24
CG,2019-11-30,rice,118329.49
CG,2019-12-31,rice,118086.49
CG,2020-01-31,rice,117813.07
CG,2020-02-29,rice,117818.65
CG,2020-03-31,rice,115680.09999999999
CG,2020-04-30,rice,116977.8
CG,2020-05-31,rice,116963.74
CG,2020-06-30,rice,116902.45
CG,2020-07-31,rice,117824.13
CG,2020-08-31,rice,116799.91
CG,2020-09-30,rice,117817.33
CG,2020-10-31,rice,117792.19
CG,2020-11-30,rice,116783.41
CG,2020-12-31,rice,116780.04
CG,2021-01-31,rice,116780.51
CG,2021-02-28,rice,116796.75
CG,2021-03-31,rice,116798.5
CG,2021-04-30,rice,116800.44
CG,2021-05-31,rice,116754.75
CG,2021-06-30,rice,116782.58
CG,2021-07-31,rice,86575.23
CG,2021-08-31,rice,85123.23
CG,2021-09-30,rice,85086.96
DH,2017-08-31,rice,680.84
DH,2017-08-31,wheat,69.34
DH,2017-09-30,rice,546.72
DH,2017-09-30,wheat,55.3
DH,2017-10-31,rice,737.06
DH,2017-10-31,wheat,310.65999999999997
DH,2017-11-30,rice,964.84
DH,2017-11-30,wheat,311.42
DH,2017-12-31,rice,968.5
DH,2017-12-31,wheat,313.14
DH,2018-01-31,rice,975.7900000000001
DH,2018-01-31,wheat,312.63
DH,2018-02-28,rice,982.0300000000001
DH,2018-02-28,wheat,313.32000000000005
DH,2018-03-31,rice,994.68
DH,2018-03-31,wheat,319.07
DH,2018-04-30,rice,994.85
DH,2018-04-30,wheat,314.65
DH,2018-05-31,rice,987.68
DH,2018-05-31,wheat,300.89
DH,2018-06-30,rice,990.39
DH,2018-06-30,wheat,301.19
DH,2018-07-31,rice,994.0799999999999
DH,2018-07-31,wheat,301.59
DH,2018-08-31,rice,996.63
DH,2018-08-31,wheat,301.87
DH,2018-09-30,rice,999.04
DH,2018-09-30,wheat,302.13
DH,2018-10-31,rice,985.85
DH,2018-10-31,wheat,281.92
DH,2018-11-30,rice,989.2
DH,2018-11-30,wheat,282.29
DH,2018-12-31,rice,997.2
DH,2018-12-31,wheat,283.18
DH,2019-01-31,rice,999.34
DH,2019-01-31,wheat,283.41
DH,2019-02-28,rice,1004.39
DH,2019-02-28,wheat,286.37
DH,2019-03-31,rice,1009.87
DH,2019-03-31,wheat,286.79999999999995
DH,2019-04-30,rice,1013.5
DH,2019-04-30,wheat,286.99
DH,2019-05-31,rice,1017.08
DH,2019-05-31,wheat,287.75
DH,2019-06-30,rice,1018.77
DH,2019-06-30,wheat,288.14
DH,2019-07-31,rice,1020.49
DH,2019-07-31,wheat,288.39
DH,2019-08-31,rice,1023.47
DH,2019-08-31,wheat,289.15
DH,2019-09-30,rice,1024.91
DH,2019-09-30,wheat,289.42
DH,2019-10-31,rice,1026.15
DH,2019-10-31,wheat,289.82
DH,2019-11-30,rice,1028.53
DH,2019-11-30,wheat,290.19
DH,2019-12-31,rice,1029.4
DH,2019-12-31,wheat,289.25
DH,2020-01-31,rice,1031.7
DH,2020-01-31,wheat,289.5
DH,2020-02-29,rice,1032.4
DH,2020-02-29,wheat,289.65000000000003
DH,2020-03-31,rice,1013.14
DH,2020-03-31,wheat,272.07
DH,2020-04-30,rice,1029.69
DH,2020-04-30,wheat,287.2
DH,2020-05-31,rice,1029.69
DH,2020-05-31,wheat,287.2
DH,2020-06-30,rice,1027.83
DH,2020-06-30,wheat,287.02
DH,2020-07-31,rice,1014.46
DH,2020-07-31,wheat,271.09
DH,2020-08-31,rice,1156.56
DH,2020-08-31,wheat,119.71000000000001
DH,2020-09-30,rice,1154.86
DH,2020-09-30,wheat,119.52
DH,2020-10-31,rice,1155.95
DH,2020-10-31,wheat,119.64
DH,2020-11-30,rice,1144.09
DH,2020-11-30,wheat,118.38
DH,2020-12-31,rice,1125.1499999999999
DH,2020-12-31,wheat,116.41
DH,2021-01-31,rice,1126.26
DH,2021-01-31,wheat,116.53
DH,2021-02-28,rice,1127.14
DH,2021-02-28,wheat,116.65
DH,2021-03-31,rice,1128.26
DH,2021-03-31,wheat,116.78
DH,2021-04-30,rice,1129.84
DH,2021-04-30,wheat,116.96
DH,2021-05-31,rice,1131.04
DH,2021-05-31,wheat,117.03
DH,2021-06-30,rice,1126.83
DH,2021-06-30,wheat,116.61999999999999
DH,2021-07-31,rice,319.59
DH,2021-07-31,wheat,33.64
DH,2021-08-31,rice,316.75
DH,2021-08-31,wheat,33.480000000000004
DH,2021-09-30,rice,321.71
DH,2021-09-30,wheat,34.019999999999996
DL,2017-08-31,rice,0.08
DL,2017-08-31,wheat,0.32000000000000006
DL,2017-09-30,rice,0.08
DL,2017-09-30,wheat,0.32000000000000006
DL,2017-10-31,wheat,9084.09
DL,2017-11-30,rice,2343.84
DL,2017-11-30,wheat,9084.1
DL,2017-12-31,rice,486.18
DL,2017-12-31,wheat,2101.01
DL,2018-01-31,rice,13914.4
DL,2018-01-31,wheat,55436.479999999996
DL,2018-02-28,rice,14114.26
DL,2018-02-28,wheat,53639.75
DL,2018-03-31,rice,14092.91
DL,2018-03-31,wheat,55262.39
DL,2018-04-30,rice,18074.01
DL,2018-04-30,wheat,46919.08
DL,2018-05-31,rice,14367.36
DL,2018-05-31,wheat,26372.94
DL,2018-06-30,rice,7596.72
DL,2018-06-30,wheat,26524.93
DL,2018-07-31,rice,7126.55
DL,2018-07-31,wheat,27203.64
DL,2018-08-31,rice,14183.24
DL,2018-08-31,wheat,50285.57
DL,2018-09-30,rice,7866.19
DL,2018-09-30,wheat,25663.760000000002
DL,2018-10-31,rice,6263.77
DL,2018-10-31,wheat,23719.010000000002
DL,2018-11-30,rice,7349.7300000000005
DL,2018-11-30,wheat,26764.38
DL,2018-12-31,rice,6545.51
DL,2018-12-31,wheat,24711.59
DL,2019-01-31,rice,7200.71
DL,2019-01-31,wheat,27944.71
DL,2019-02-28,rice,6737.88
DL,2019-02-28,wheat,26023.8
DL,2019-03-31,rice,8418.84
DL,2019-03-31,wheat,31410.56
DL,2019-04-30,rice,7374.88
DL,2019-04-30,wheat,28356.6
DL,2019-05-31,rice,6584.5
DL,2019-05-31,wheat,25204.71
DL,2019-06-30,rice,24810.53
DL,2019-06-30,wheat,97873.81
DL,2019-07-31,rice,7391.59
DL,2019-07-31,wheat,28486.52
DL,2019-08-31,rice,6508.41
DL,2019-08-31,wheat,28218.850000000002
DL,2019-09-30,rice,7444.52
DL,2019-09-30,wheat,28702.52
DL,2019-10-31,rice,6157.110000000001
DL,2019-10-31,wheat,23703.16
DL,2019-11-30,rice,69691.06
DL,2019-11-30,wheat,254802.07
DL,2019-12-31,rice,7475.71
DL,2019-12-31,wheat,28889.99
DL,2020-01-31,rice,7466.4
DL,2020-01-31,wheat,28849.95
DL,2020-02-29,rice,7501.19
DL,2020-02-29,wheat,29008.35
DL,2020-03-31,rice,6699.26
DL,2020-03-31,wheat,32441.02
DL,2020-04-30,rice,4923.62
DL,2020-04-30,wheat,18975.07
DL,2020-05-31,rice,6305.47
DL,2020-05-31,wheat,23663.78
DL,2020-06-30,rice,9337.02
DL,2020-06-30,wheat,36395.76
DL,2020-07-31,rice,6563.84
DL,2020-07-31,wheat,25303.22
DL,2020-08-31,rice,6962.35
DL,2020-08-31,wheat,27265.59
DL,2020-09-30,rice,6600.02
DL,2020-09-30,wheat,25444.09
DL,2020-10-31,rice,6622.75
DL,2020-10-31,wheat,22996.26
DL,2020-11-30,rice,6645.25
DL,2020-11-30,wheat,25638.559999999998
DL,2020-12-31,rice,7658.2
DL,2020-12-31,wheat,29654.3
DL,2021-01-31,rice,6982.91
DL,2021-01-31,wheat,27024.77
DL,2021-02-28,rice,78262.30999999998
DL,2021-02-28,wheat,293690.15
DL,2021-03-31,rice,75846.24
DL,2021-03-31,wheat,288328.22000000003
DL,2021-04-30,rice,76704.72
DL,2021-04-30,wheat,295319.1099999999
DL,2021-05-31,rice,78308.93
DL,2021-05-31,wheat,293946.34
DL,2021-06-30,rice,77319.36
DL,2021-06-30,wheat,289746.0
DL,2021-07-31,rice,14685.69
DL,2021-07-31,wheat,57698.31
DL,2021-08-31,rice,14683.23
DL,2021-08-31,wheat,57696.35
GA,2017-08-31,rice,2.51
GA,2017-09-30,rice,2.94
GA,2017-11-30,rice,2944.12
GA,2017-12-31,rice,2940.3199999999997
GA,2018-01-31,rice,5555.31
GA,2018-02-28,rice,5412.52
GA,2018-03-31,rice,5299.37
GA,2018-04-30,rice,5385.26
GA,2018-05-31,rice,5495.1
GA,2018-06-30,rice,5494.49
GA,2018-07-31,rice,2548.58
GA,2018-08-31,rice,2970.27
GA,2018-09-30,rice,2992.54
GA,2018-10-31,rice,5191.63
GA,2018-11-30,rice,5484.17
GA,2018-12-31,rice,5523.05
GA,2019-01-31,rice,5512.719999999999
GA,2019-02-28,rice,5391.99
GA,2019-03-31,rice,5711.07
GA,2019-04-30,rice,5731.17
GA,2019-05-31,rice,5733.1900000000005
GA,2019-06-30,rice,5733.09
GA,2019-07-31,rice,5755.23
GA,2019-08-31,rice,5749.29
GA,2019-09-30,rice,5779.38
GA,2019-10-31,rice,5763.59
GA,2019-11-30,rice,5736.71
GA,2019-12-31,rice,5771.98
GA,2020-01-31,rice,5731.87
GA,2020-02-29,rice,5742.52
GA,2020-03-31,rice,5742.13
GA,2020-04-30,rice,2929.51
GA,2020-05-31,rice,5865.32
GA,2020-06-30,rice,5663.64
GA,2020-07-31,rice,5757.200000000001
GA,2020-08-31,rice,5762.24
GA,2020-09-30,rice,5761.38
GA,2020-10-31,rice,5737.82
GA,2020-11-30,rice,2931.85
GA,2020-12-31,rice,2931.76
GA,2021-01-31,rice,2932.5299999999997
GA,2021-02-28,rice,2932.59
GA,2021-03-31,rice,2932.99
GA,2021-04-30,rice,2932.39
GA,2021-05-31,rice,2931.6800000000003
GA,2021-06-30,rice,2931.44
GA,2021-07-31,rice,2931.32
GA,2021-08-31,rice,2931.05
GJ,2017-08-31,rice,51.88
GJ,2017-08-31,wheat,122.3
GJ,2017-09-30,rice,52.019999999999996
GJ,2017-09-30,wheat,122.62
GJ,2017-10-31,wheat,138253.55
GJ,2017-11-30,rice,92720.23999999999
GJ,2017-11-30,wheat,119883.08
GJ,2017-12-31,rice,92364.92
GJ,2017-12-31,wheat,119984.28
GJ,2018-01-31,rice,77306.58
GJ,2018-01-31,wheat,120038.85
GJ,2018-02-28,rice,77326.34
GJ,2018-02-28,wheat,120067.53
GJ,2018-03-31,rice,58516.36
GJ,2018-03-31,wheat,137898.02
GJ,2018-04-30,rice,58034.69
GJ,2018-04-30,wheat,136774.07
GJ,2018-05-31,rice,57750.3
GJ,2018-05-31,wheat,136109.99
GJ,2018-06-30,rice,57488.44
GJ,2018-06-30,wheat,135498.21
GJ,2018-07-31,rice,56619.55
GJ,2018-07-31,wheat,133467.34
GJ,2018-08-31,rice,56088.56
GJ,2018-08-31,wheat,132226.06
GJ,2018-09-30,rice,55703.7
GJ,2018-09-30,wheat,131326.51
GJ,2018-10-31,rice,55128.67
GJ,2018-10-31,wheat,129980.89
GJ,2018-11-30,rice,54013.5
GJ,2018-11-30,wheat,127374.07
GJ,2018-12-31,rice,53564.8
GJ,2018-12-31,wheat,126326.61
GJ,2019-01-31,rice,52893.09
GJ,2019-01-31,wheat,124758.94
GJ,2019-02-28,rice,52436.68
GJ,2019-02-28,wheat,123693.2
GJ,2019-03-31,rice,52092.84
GJ,2019-03-31,wheat,122892.19
GJ,2019-04-30,rice,52162.73
GJ,2019-04-30,wheat,122209.72
GJ,2019-05-31,rice,52287.28
GJ,2019-05-31,wheat,123349.38
GJ,2019-06-30,rice,52134.49
GJ,2019-06-30,wheat,122993.01
GJ,2019-07-31,rice,51938.11
GJ,2019-07-31,wheat,122535.86
GJ,2019-08-31,rice,51856.54
GJ,2019-08-31,wheat,122347.18
GJ,2019-09-30,rice,51826.47
GJ,2019-09-30,wheat,122277.65
GJ,2019-10-31,rice,51833.07
GJ,2019-10-31,wheat,122293.14
GJ,2019-11-30,rice,51896.35
GJ,2019-11-30,wheat,122442.24
GJ,2019-12-31,rice,51622.2
GJ,2019-12-31,wheat,121801.95
GJ,2020-01-31,rice,51474.83
GJ,2020-01-31,wheat,121454.55
GJ,2020-02-29,rice,51363.24
GJ,2020-02-29,wheat,121193.54
GJ,2020-03-31,rice,51198.15
GJ,2020-03-31,wheat,120808.73
GJ,2020-04-30,rice,53043.21
GJ,2020-04-30,wheat,125110.85
GJ,2020-05-31,rice,52993.7
GJ,2020-05-31,wheat,125000.63
GJ,2020-06-30,rice,52940.15
GJ,2020-06-30,wheat,124871.5
GJ,2020-07-31,rice,52170.37
GJ,2020-07-31,wheat,124905.18
GJ,2020-08-31,rice,52251.65
GJ,2020-08-31,wheat,125082.63
GJ,2020-10-31,rice,52447.3
GJ,2020-10-31,wheat,125552.31
GJ,2020-11-30,rice,52588.47
GJ,2020-11-30,wheat,125887.89
GJ,2020-12-31,rice,51791.72
GJ,2020-12-31,wheat,124009.39
GJ,2021-01-31,rice,52557.5
GJ,2021-01-31,wheat,125828.27
GJ,2021-02-28,rice,53606.54
GJ,2021-02-28,wheat,128311.07
GJ,2021-03-31,rice,53870.8
GJ,2021-03-31,wheat,128933.35
GJ,2021-04-30,rice,53897.9
GJ,2021-04-30,wheat,128996.98999999999
GJ,2021-05-31,rice,53895.95
GJ,2021-05-31,wheat,128992.73999999999
GJ,2021-06-30,rice,53924.45
GJ,2021-06-30,wheat,112868.91
GJ,2021-07-31,rice,54067.130000000005
GJ,2021-07-31,wheat,129392.64
GJ,2021-08-31,rice,53940.590000000004
GJ,2021-08-31,wheat,127193.71
GJ,2021-09-30,rice,56850.88
GJ,2021-09-30,wheat,134053.88999999998
HP,2017-10-31,wheat,19000.0
HP,2017-11-30,wheat,19000.0
HP,2017-12-31,rice,172.59
HP,2017-12-31,wheat,50.66
HP,2018-01-31,rice,4263.86
HP,2018-01-31,wheat,6030.61
HP,2018-02-28,rice,9778.72
HP,2018-02-28,wheat,9037.35
HP,2018-03-31,rice,13281.02
HP,2018-03-31,wheat,18899.68
HP,2018-04-30,rice,13474.02
HP,2018-04-30,wheat,19119.42
HP,2018-05-31,rice,12666.380000000001
HP,2018-05-31,wheat,17931.11
HP,2018-06-30,rice,13736.380000000001
HP,2018-06-30,wheat,19060.91
HP,2018-07-31,rice,14383.9
HP,2018-07-31,wheat,19954.32
HP,2018-08-31,rice,13279.65
HP,2018-08-31,wheat,18585.52
HP,2018-09-30,rice,14066.11
HP,2018-09-30,wheat,19985.32
HP,2018-10-31,rice,12751.43
HP,2018-10-31,wheat,18198.05
HP,2018-11-30,rice,13937.16
HP,2018-11-30,wheat,19820.7
HP,2018-12-31,rice,12630.96
HP,2018-12-31,wheat,18090.94
HP,2019-01-31,rice,12663.71
HP,2019-01-31,wheat,17826.2
HP,2019-02-28,rice,12072.86
HP,2019-02-28,wheat,17187.61
HP,2019-03-31,rice,12292.86
HP,2019-03-31,wheat,17277.67
HP,2019-04-30,rice,13412.02
HP,2019-04-30,wheat,18841.22
HP,2019-05-31,rice,12635.59
HP,2019-05-31,wheat,17968.22
HP,2019-06-30,rice,14069.46
HP,2019-06-30,wheat,20209.14
HP,2019-07-31,rice,13816.33
HP,2019-07-31,wheat,19736.94
HP,2019-08-31,rice,13643.25
HP,2019-08-31,wheat,19459.04
HP,2019-09-30,rice,13775.1
HP,2019-09-30,wheat,19644.09
HP,2019-10-31,rice,13802.92
HP,2019-10-31,wheat,19688.66
HP,2019-11-30,rice,13249.77
HP,2019-11-30,wheat,18779.63
HP,2019-12-31,rice,13542.58
HP,2019-12-31,wheat,19379.28
HP,2020-01-31,rice,13745.82
HP,2020-01-31,wheat,19263.87
HP,2020-02-29,rice,14199.22
HP,2020-02-29,wheat,20074.1
HP,2020-03-31,rice,14164.02
HP,2020-03-31,wheat,20117.489999999998
HP,2020-04-30,rice,17869.29
HP,2020-04-30,wheat,25142.86
HP,2020-05-31,rice,13938.13
HP,2020-05-31,wheat,19836.27
HP,2020-06-30,rice,13910.38
HP,2020-06-30,wheat,19737.5
HP,2020-07-31,rice,13722.5
HP,2020-07-31,wheat,19755.5
HP,2020-08-31,rice,13862.65
HP,2020-08-31,wheat,19275.9
HP,2020-10-31,rice,13975.72
HP,2020-10-31,wheat,19899.43
HP,2020-11-30,rice,13836.26
HP,2020-11-30,wheat,19973.4
HP,2020-12-31,rice,14004.81
HP,2020-12-31,wheat,20073.4
HP,2021-01-31,rice,13918.76
HP,2021-01-31,wheat,19719.45
HP,2021-02-28,rice,14034.289999999999
HP,2021-02-28,wheat,19788.58
HP,2021-03-31,rice,14018.72
HP,2021-03-31,wheat,19736.61
HP,2021-04-30,rice,12606.72
HP,2021-04-30,wheat,17899.0
HP,2021-05-31,rice,13768.97
HP,2021-05-31,wheat,19702.33
HP,2021-06-30,rice,14013.36
HP,2021-06-30,wheat,19854.41
HP,2021-07-31,rice,13811.59
HP,2021-07-31,wheat,19644.46
HP,2021-08-31,rice,13738.42
HP,2021-08-31,wheat,19625.0
HP,2021-09-30,rice,6974.41
HP,2021-09-30,wheat,9872.2
HR,2017-08-31,wheat,28.89
HR,2017-09-30,wheat,26.57
HR,2017-10-31,wheat,155770.38999999998
HR,2017-11-30,wheat,48055.29
HR,2017-12-31,wheat,42178.31
HR,2018-01-31,wheat,50932.24
HR,2018-02-28,wheat,44323.89
HR,2018-03-31,wheat,52536.35
HR,2018-04-30,wheat,50599.46
HR,2018-05-31,wheat,51932.14
HR,2018-06-30,wheat,51860.82
HR,2018-07-31,wheat,51731.24
HR,2018-08-31,wheat,51789.63
HR,2018-09-30,wheat,52864.590000000004
HR,2018-10-31,wheat,54702.14
HR,2018-11-30,wheat,22144.23
HR,2018-12-31,wheat,22835.99
HR,2019-01-31,wheat,22639.19
HR,2019-02-28,wheat,56274.159999999996
HR,2019-03-31,wheat,57965.65
HR,2019-04-30,wheat,49617.55
HR,2019-05-31,wheat,63577.61
HR,2019-06-30,wheat,56228.26
HR,2019-07-31,wheat,61061.82
HR,2019-08-31,wheat,64121.46
HR,2019-09-30,wheat,65787.72
HR,2019-10-31,wheat,74912.14
HR,2019-11-30,wheat,31268.04
HR,2019-12-31,wheat,29600.9
HR,2020-01-31,wheat,37173.71
HR,2020-02-29,wheat,74055.9
HR,2020-03-31,wheat,75026.05
HR,2020-04-30,wheat,81245.72
HR,2020-05-31,wheat,117230.56
HR,2020-06-30,wheat,80983.59
HR,2020-07-31,wheat,80289.4
HR,2020-08-31,wheat,116740.34
HR,2020-10-31,wheat,117553.25
HR,2020-11-30,wheat,39351.61
HR,2020-12-31,wheat,72370.43
HR,2021-01-31,wheat,97909.16
HR,2021-02-28,wheat,164331.75
HR,2021-03-31,wheat,128551.9
HR,2021-04-30,wheat,128403.12
HR,2021-05-31,wheat,100863.52
HR,2021-06-30,wheat,79015.6
HR,2021-07-31,wheat,73492.04
HR,2021-08-31,wheat,119382.45
HR,2021-09-30,wheat,119168.49
JH,2017-08-31,rice,748.87
JH,2017-08-31,wheat,112.23
JH,2017-09-30,rice,125.37
JH,2017-09-30,wheat,16.67
JH,2017-10-31,rice,5324.07
JH,2017-10-31,wheat,16600.9
JH,2017-11-30,rice,130159.79
JH,2017-11-30,wheat,16790.4
JH,2017-12-31,rice,127405.91
JH,2017-12-31,wheat,16598.94
JH,2018-01-31,rice,126990.23
JH,2018-01-31,wheat,16858.9
JH,2018-02-28,rice,126037.0
JH,2018-02-28,wheat,16781.93
JH,2018-03-31,rice,126242.75
JH,2018-03-31,wheat,16808.22
JH,2018-04-30,rice,125428.27
JH,2018-04-30,wheat,16428.82
JH,2018-05-31,rice,128621.54
JH,2018-05-31,wheat,16808.98
JH,2018-06-30,rice,125863.48000000001
JH,2018-06-30,wheat,16654.42
JH,2018-07-31,rice,126835.14
JH,2018-07-31,wheat,16692.67
JH,2018-08-31,rice,126942.36
JH,2018-08-31,wheat,16757.48
JH,2018-09-30,rice,123703.64
JH,2018-09-30,wheat,15945.26
JH,2018-10-31,rice,122275.05
JH,2018-10-31,wheat,15830.69
JH,2018-11-30,rice,120827.97
JH,2018-11-30,wheat,15589.34
JH,2018-12-31,rice,127309.37
JH,2018-12-31,wheat,16908.28
JH,2019-01-31,rice,127448.61
JH,2019-01-31,wheat,16880.12
JH,2019-02-28,rice,127424.35
JH,2019-02-28,wheat,16874.47
JH,2019-03-31,rice,128026.42
JH,2019-03-31,wheat,17118.56
JH,2019-04-30,rice,128910.71
JH,2019-04-30,wheat,17166.56
JH,2019-05-31,rice,122974.68
JH,2019-05-31,wheat,15961.050000000001
JH,2019-06-30,rice,122245.73999999999
JH,2019-06-30,wheat,15810.57
JH,2019-07-31,rice,121478.86
JH,2019-07-31,wheat,15474.88
JH,2019-08-31,rice,121138.81
JH,2019-08-31,wheat,15528.2
JH,2019-09-30,rice,122003.54000000001
JH,2019-09-30,wheat,15635.279999999999
JH,2019-10-31,rice,121887.08
JH,2019-10-31,wheat,15601.38
JH,2019-11-30,rice,121627.05
JH,2019-11-30,wheat,15648.68
JH,2019-12-31,rice,121521.2
JH,2019-12-31,wheat,15698.32
JH,2020-01-31,rice,122010.4
JH,2020-01-31,wheat,15829.369999999999
JH,2020-02-29,rice,121806.91
JH,2020-02-29,wheat,15734.93
JH,2020-03-31,rice,127433.53
JH,2020-03-31,wheat,16822.88
JH,2020-05-31,rice,127624.86
JH,2020-05-31,wheat,17053.05
JH,2020-06-30,rice,127812.78
JH,2020-06-30,wheat,17000.95
JH,2020-07-31,rice,133306.9
JH,2020-07-31,wheat,17707.44
JH,2020-08-31,rice,132710.5
JH,2020-08-31,wheat,17905.21
JH,2020-10-31,rice,132393.16
JH,2020-10-31,wheat,17423.01
JH,2020-11-30,rice,126638.33
JH,2020-11-30,wheat,16623.84
JH,2020-12-31,rice,126693.48999999999
JH,2020-12-31,wheat,16677.65
JH,2021-01-31,rice,126731.35
JH,2021-01-31,wheat,16672.29
JH,2021-02-28,rice,126906.49
JH,2021-02-28,wheat,16678.62
JH,2021-03-31,rice,126972.3
JH,2021-03-31,wheat,16734.39
JH,2021-04-30,rice,126941.78
JH,2021-04-30,wheat,16693.73
JH,2021-05-31,rice,87415.93
JH,2021-05-31,wheat,56561.92
JH,2021-06-30,rice,87509.4
JH,2021-06-30,wheat,56631.2
JH,2021-07-31,rice,68984.34
JH,2021-07-31,wheat,44724.520000000004
JH,2021-08-31,rice,69122.52
JH,2021-08-31,wheat,44816.22
JH,2021-09-30,rice,65604.5
JH,2021-09-30,wheat,43738.86
JK,2017-09-30,rice,1338.69
JK,2017-09-30,wheat,915.2
JK,2017-11-30,rice,155.09
JK,2017-11-30,wheat,646.06
JK,2017-12-31,rice,6426.91
JK,2017-12-31,wheat,1253.48
JK,2018-01-31,rice,6426.91
JK,2018-01-31,wheat,1253.48
JK,2018-02-28,rice,23945.08
JK,2018-02-28,wheat,10186.48
JK,2018-03-31,rice,28314.8
JK,2018-03-31,wheat,10704.23
JK,2018-04-30,rice,46642.85
JK,2018-04-30,wheat,20513.97
JK,2018-05-31,rice,51339.95
JK,2018-05-31,wheat,21380.58
JK,2018-06-30,rice,55517.27
JK,2018-06-30,wheat,21806.559999999998
JK,2018-07-31,rice,50910.69
JK,2018-07-31,wheat,21407.57
JK,2018-08-31,rice,54411.979999999996
JK,2018-08-31,wheat,21656.49
JK,2018-09-30,rice,54417.37
JK,2018-09-30,wheat,21514.32
JK,2018-10-31,rice,56206.93
JK,2018-10-31,wheat,21502.34
JK,2018-11-30,rice,55941.58
JK,2018-11-30,wheat,21485.93
JK,2018-12-31,rice,55465.59
JK,2018-12-31,wheat,21436.949999999997
JK,2019-01-31,rice,51181.8
JK,2019-01-31,wheat,21954.39
JK,2019-02-28,rice,38067.61
JK,2019-02-28,wheat,19842.33
JK,2019-03-31,rice,44451.88
JK,2019-03-31,wheat,20603.91
JK,2019-04-30,rice,52882.45
JK,2019-04-30,wheat,26914.85
JK,2019-05-31,rice,52600.01
JK,2019-05-31,wheat,18569.59
JK,2019-06-30,rice,55194.35
JK,2019-06-30,wheat,20617.059999999998
JK,2019-07-31,rice,28954.11
JK,2019-07-31,wheat,10802.15
JK,2019-08-31,rice,49764.05
JK,2019-08-31,wheat,21201.7
JK,2019-09-30,rice,27269.41
JK,2019-09-30,wheat,14574.429999999998
JK,2019-10-31,rice,33224.69
JK,2019-10-31,wheat,14012.720000000001
JK,2019-11-30,rice,29835.26
JK,2019-11-30,wheat,14038.51
JK,2019-12-31,rice,29950.3
JK,2019-12-31,wheat,12207.91
JK,2020-01-31,rice,46988.24
JK,2020-01-31,wheat,23889.39
JK,2020-02-29,rice,56359.76
JK,2020-02-29,wheat,21757.83
JK,2020-03-31,rice,36067.19
JK,2020-03-31,wheat,10244.22
JK,2020-04-30,rice,41918.89
JK,2020-04-30,wheat,11262.699999999999
JK,2020-05-31,rice,39257.08
JK,2020-05-31,wheat,10220.86
JK,2020-06-30,rice,37219.93
JK,2020-06-30,wheat,10387.529999999999
JK,2020-07-31,rice,49090.62
JK,2020-07-31,wheat,17491.09
JK,2020-08-31,rice,44674.09
JK,2020-08-31,wheat,16358.57
JK,2020-10-31,rice,45562.72
JK,2020-10-31,wheat,11317.380000000001
JK,2020-11-30,rice,29859.57
JK,2020-11-30,wheat,11092.039999999999
JK,2020-12-31,rice,31068.55
JK,2020-12-31,wheat,12129.73
JK,2021-01-31,rice,27893.62
JK,2021-01-31,wheat,11246.67
JK,2021-02-28,rice,26210.36
JK,2021-02-28,wheat,10192.25
JK,2021-03-31,rice,26245.56
JK,2021-03-31,wheat,10323.65
JK,2021-04-30,rice,27672.25
JK,2021-04-30,wheat,10525.72
JK,2021-05-31,rice,26246.44
JK,2021-05-31,wheat,10415.77
JK,2021-06-30,rice,25945.45
JK,2021-06-30,wheat,10291.66
JK,2021-07-31,rice,25931.39
JK,2021-07-31,wheat,10043.0
JK,2021-08-31,rice,25906.760000000002
JK,2021-08-31,wheat,9863.400000000001
JK,2021-09-30,rice,25721.41
JK,2021-09-30,wheat,9586.6
KA,2017-08-31,rice,253.63
KA,2017-09-30,rice,253.84
KA,2017-10-31,rice,23815.96
KA,2017-11-30,rice,259727.11
KA,2017-12-31,rice,237024.75
KA,2017-12-31,wheat,30141.79
KA,2018-01-31,rice,247250.54
KA,2018-01-31,wheat,30892.41
KA,2018-02-28,rice,662160.64
KA,2018-02-28,wheat,88106.98
KA,2018-03-31,rice,458474.7
KA,2018-03-31,wheat,60660.7
KA,2018-04-30,rice,460255.51
KA,2018-04-30,wheat,59500.76
KA,2018-05-31,rice,454239.68
KA,2018-06-30,rice,436497.97
KA,2018-07-31,rice,443600.78
KA,2018-08-31,rice,444338.75
KA,2018-08-31,wheat,5320.39
KA,2018-09-30,rice,443248.57
KA,2018-09-30,wheat,24428.94
KA,2018-10-31,rice,455466.33
KA,2018-11-30,rice,292500.46
KA,2018-12-31,rice,288798.51
KA,2019-01-31,rice,457459.7
KA,2019-01-31,wheat,1169.39
KA,2019-02-28,rice,1174118.45
KA,2019-02-28,wheat,255.05
KA,2019-03-31,rice,444712.33
KA,2019-03-31,wheat,51.1
KA,2019-04-30,rice,443911.0
KA,2019-04-30,wheat,22.67
KA,2019-05-31,rice,436529.13
KA,2019-05-31,wheat,7.57
KA,2019-06-30,rice,455367.71
KA,2019-06-30,wheat,5.640000000000001
KA,2019-07-31,rice,455850.45
KA,2019-07-31,wheat,3.1500000000000004
KA,2019-08-31,rice,341119.75
KA,2019-08-31,wheat,2405.44
KA,2019-09-30,rice,312961.98
KA,2019-09-30,wheat,0.15
KA,2019-10-31,rice,336202.23
KA,2019-10-31,wheat,0.17
KA,2019-11-30,rice,465735.57
KA,2019-11-30,wheat,1.15
KA,2019-12-31,rice,480861.12
KA,2019-12-31,wheat,3.51
KA,2020-01-31,rice,478892.28
KA,2020-01-31,wheat,53.57
KA,2020-02-29,rice,479068.68
KA,2020-02-29,wheat,3.02
KA,2020-03-31,rice,479598.01
KA,2020-04-30,rice,595261.0
KA,2020-04-30,wheat,80798.52
KA,2020-05-31,rice,278565.05
KA,2020-05-31,wheat,2684.76
KA,2020-06-30,rice,325130.22
KA,2020-06-30,wheat,31084.9
KA,2020-07-31,rice,263018.42
KA,2020-07-31,wheat,25972.49
KA,2020-08-31,rice,292823.85
KA,2020-08-31,wheat,50691.22
KA,2020-10-31,rice,290495.42
KA,2020-10-31,wheat,29043.68
KA,2020-11-30,rice,251488.81
KA,2020-11-30,wheat,3533.1400000000003
KA,2020-12-31,rice,275043.23
KA,2020-12-31,wheat,6052.05
KA,2021-01-31,rice,289299.54
KA,2021-01-31,wheat,6733.92
KA,2021-02-28,rice,282328.6
KA,2021-02-28,wheat,6041.889999999999
KA,2021-03-31,rice,266205.8
KA,2021-03-31,wheat,5114.44
KA,2021-04-30,rice,206331.41
KA,2021-04-30,wheat,4723.68
KA,2021-05-31,rice,190875.63
KA,2021-05-31,wheat,4861.24
KA,2021-06-30,rice,161569.82
KA,2021-06-30,wheat,3364.42
KA,2021-07-31,rice,130780.62
KA,2021-07-31,wheat,4480.46
KA,2021-08-31,rice,127271.4
KA,2021-09-30,rice,134084.07
KL,2017-01-31,rice,19149.53
KL,2017-01-31,wheat,4609.200000000001
KL,2017-02-28,rice,6503.33
KL,2017-02-28,wheat,1565.3200000000002
KL,2017-03-31,rice,6503.33
KL,2017-03-31,wheat,1565.3200000000002
KL,2017-04-30,rice,6503.33
KL,2017-04-30,wheat,1565.3200000000002
KL,2017-05-31,rice,6557.110000000001
KL,2017-05-31,wheat,1578.26
KL,2017-06-30,rice,6557.110000000001
KL,2017-06-30,wheat,1578.26
KL,2017-07-31,rice,6557.110000000001
KL,2017-07-31,wheat,1578.26
KL,2017-08-31,rice,6557.110000000001
KL,2017-08-31,wheat,1578.26
KL,2017-09-30,rice,6497.110000000001
KL,2017-09-30,wheat,1568.26
KL,2017-10-31,rice,6557.110000000001
KL,2017-10-31,wheat,1578.26
KL,2017-11-30,rice,6557.110000000001
KL,2017-11-30,wheat,1578.26
KL,2017-12-31,rice,6557.110000000001
KL,2017-12-31,wheat,1578.26
KL,2018-01-31,rice,64722.59
KL,2018-01-31,wheat,15575.91
KL,2018-02-28,rice,64738.6
KL,2018-02-28,wheat,15582.2
KL,2018-03-31,rice,123229.86
KL,2018-03-31,wheat,20680.57
KL,2018-04-30,rice,85225.28
KL,2018-04-30,wheat,19412.65
KL,2018-05-31,rice,82849.22
KL,2018-05-31,wheat,19313.39
KL,2018-06-30,rice,75322.22
KL,2018-06-30,wheat,17454.59
KL,2018-07-31,rice,81099.81
KL,2018-07-31,wheat,17924.52
KL,2018-08-31,rice,83543.51999999999
KL,2018-08-31,wheat,16753.79
KL,2018-09-30,rice,89440.18000000001
KL,2018-09-30,wheat,19656.77
KL,2018-10-31,rice,66814.49
KL,2018-10-31,wheat,14873.66
KL,2018-11-30,rice,71333.06
KL,2018-11-30,wheat,16989.07
KL,2018-12-31,rice,74776.04
KL,2018-12-31,wheat,17487.11
KL,2019-01-31,rice,84396.86
KL,2019-01-31,wheat,18480.01
KL,2019-02-28,rice,3729.51
KL,2019-02-28,wheat,821.89
KL,2019-03-31,rice,96818.37
KL,2019-03-31,wheat,17035.079999999998
KL,2019-04-30,rice,79234.24
KL,2019-04-30,wheat,18226.83
KL,2019-05-31,rice,79974.92
KL,2019-05-31,wheat,18367.45
KL,2019-06-30,rice,76464.4
KL,2019-06-30,wheat,17042.51
KL,2019-07-31,rice,177383.0
KL,2019-07-31,wheat,16220.28
KL,2019-08-31,rice,119441.93999999999
KL,2019-08-31,wheat,17880.59
KL,2019-09-30,rice,72425.09
KL,2019-09-30,wheat,17563.59
KL,2019-10-31,rice,69911.06
KL,2019-10-31,wheat,15999.61
KL,2019-11-30,rice,69727.41
KL,2019-11-30,wheat,15960.859999999999
KL,2019-12-31,rice,70093.98
KL,2019-12-31,wheat,16048.36
KL,2020-01-31,rice,70248.95
KL,2020-01-31,wheat,16070.98
KL,2020-02-29,rice,70280.66
KL,2020-02-29,wheat,16080.0
KL,2020-03-31,rice,70255.88
KL,2020-03-31,wheat,16072.79
KL,2020-04-30,rice,70239.58
KL,2020-04-30,wheat,16066.4
KL,2020-05-31,rice,70297.87
KL,2020-05-31,wheat,16075.28
KL,2020-06-30,rice,75099.79
KL,2020-06-30,wheat,17174.48
KL,2020-07-31,rice,74997.6
KL,2020-07-31,wheat,17158.93
KL,2020-08-31,rice,74825.22
KL,2020-08-31,wheat,17121.23
KL,2020-10-31,rice,75089.06
KL,2020-10-31,wheat,16706.97
KL,2020-11-30,rice,75103.86
KL,2020-11-30,wheat,16699.57
KL,2020-12-31,rice,75210.55
KL,2020-12-31,wheat,16723.92
KL,2021-01-31,rice,74989.26
KL,2021-01-31,wheat,16668.03
KL,2021-02-28,rice,74885.5
KL,2021-02-28,wheat,16565.43
KL,2021-03-31,rice,75676.37
KL,2021-03-31,wheat,16817.93
KL,2021-04-30,rice,75668.93
KL,2021-04-30,wheat,16815.62
KL,2021-05-31,rice,75636.92
KL,2021-05-31,wheat,16807.19
KL,2021-06-30,rice,75628.84
KL,2021-06-30,wheat,13088.26
KL,2021-07-31,rice,66580.13
KL,2021-07-31,wheat,11477.42
KL,2021-08-31,rice,65301.89
KL,2021-08-31,wheat,11761.54
KL,2021-09-30,rice,60219.99
KL,2021-09-30,wheat,10370.72
LA,2020-10-31,rice,351.26
LA,2020-10-31,wheat,435.41999999999996
LA,2020-11-30,rice,351.45
LA,2020-11-30,wheat,435.65999999999997
LA,2021-01-31,rice,223.28
LA,2021-01-31,wheat,269.14
LA,2021-02-28,rice,223.28
LA,2021-02-28,wheat,269.14
LA,2021-03-31,rice,221.59
LA,2021-03-31,wheat,266.6
LA,2021-04-30,rice,346.03999999999996
LA,2021-04-30,wheat,428.27
LA,2021-05-31,rice,342.25
LA,2021-05-31,wheat,423.01
LA,2021-06-30,rice,337.96999999999997
LA,2021-06-30,wheat,417.43
LA,2021-07-31,rice,336.95
LA,2021-07-31,wheat,416.83
LA,2021-08-31,rice,340.48
LA,2021-08-31,wheat,421.43
LA,2021-09-30,rice,339.6
LA,2021-09-30,wheat,420.64
LD,2018-01-31,rice,131.06
LD,2018-03-31,rice,132.08
LD,2018-04-30,rice,132.25
LD,2018-05-31,rice,88.37
LD,2018-07-31,rice,132.23
LD,2018-08-31,rice,88.26
LD,2018-09-30,rice,131.93
LD,2018-11-30,rice,131.97
LD,2018-12-31,rice,131.92
LD,2019-01-31,rice,131.23
LD,2019-02-28,rice,132.14
LD,2019-09-30,rice,132.35
LD,2019-10-31,rice,132.36
LD,2019-11-30,rice,132.41
LD,2019-12-31,rice,132.53
LD,2020-01-31,rice,132.55
LD,2020-02-29,rice,132.72
LD,2020-03-31,rice,132.8
LD,2020-05-31,rice,13787.0
LD,2020-06-30,rice,13787.0
LD,2020-07-31,rice,133.04
LD,2020-08-31,rice,132.84
LD,2020-10-31,rice,132.84
LD,2020-11-30,rice,132.84
LD,2020-12-31,rice,132.84
LD,2021-01-31,rice,132.84
LD,2021-02-28,rice,132.84
LD,2021-03-31,rice,132.73
LD,2021-04-30,rice,132.75
LD,2021-05-31,rice,132.8
LD,2021-06-30,rice,132.8
MH,2017-10-31,rice,159309.84
MH,2017-10-31,wheat,203809.84
MH,2017-11-30,rice,159309.84
MH,2017-11-30,wheat,203809.84
MH,2017-12-31,rice,159309.84
MH,2017-12-31,wheat,203809.84
MH,2018-01-31,rice,321245.85
MH,2018-01-31,wheat,408102.69
MH,2018-02-28,rice,324904.13
MH,2018-02-28,wheat,434342.92
MH,2018-03-31,rice,382553.52
MH,2018-03-31,wheat,452833.76
MH,2018-04-30,rice,694321.9199999999
MH,2018-04-30,wheat,1374925.12
MH,2018-05-31,rice,314719.22000000003
MH,2018-05-31,wheat,402947.9
MH,2018-06-30,rice,279674.52
MH,2018-06-30,wheat,336598.49
MH,2018-07-31,rice,268538.45
MH,2018-07-31,wheat,362160.29
MH,2018-08-31,rice,262083.12
MH,2018-08-31,wheat,337411.36
MH,2018-09-30,rice,265826.95
MH,2018-09-30,wheat,338129.87
MH,2018-10-31,rice,272299.89
MH,2018-10-31,wheat,346883.06
MH,2018-11-30,rice,267395.27
MH,2018-11-30,wheat,340323.2
MH,2018-12-31,rice,294245.2
MH,2018-12-31,wheat,376366.81
MH,2019-01-31,rice,294553.84
MH,2019-01-31,wheat,370761.63
MH,2019-02-28,rice,295238.89
MH,2019-02-28,wheat,364775.56
MH,2019-03-31,rice,302074.61
MH,2019-03-31,wheat,370470.58
MH,2019-04-30,rice,298325.92
MH,2019-04-30,wheat,388980.31
MH,2019-05-31,rice,275822.94
MH,2019-05-31,wheat,354143.02
MH,2019-06-30,rice,311452.26
MH,2019-06-30,wheat,370217.17
MH,2019-07-31,rice,276379.11
MH,2019-07-31,wheat,345530.01
MH,2019-08-31,rice,271749.14
MH,2019-08-31,wheat,351499.76
MH,2019-09-30,rice,268170.02
MH,2019-09-30,wheat,340968.91
MH,2019-10-31,rice,264472.33
MH,2019-10-31,wheat,340273.34
MH,2019-11-30,rice,287796.01
MH,2019-11-30,wheat,360411.33
MH,2019-12-31,rice,282141.25
MH,2019-12-31,wheat,355606.07
MH,2020-01-31,rice,163562.9
MH,2020-01-31,wheat,208575.72
MH,2020-02-29,rice,163149.17
MH,2020-02-29,wheat,208186.76
MH,2020-03-31,rice,163434.36
MH,2020-03-31,wheat,208546.89
MH,2020-04-30,rice,163465.7
MH,2020-04-30,wheat,208526.56
MH,2020-05-31,rice,163375.42
MH,2020-05-31,wheat,209472.0
MH,2020-06-30,rice,164499.86000000002
MH,2020-06-30,wheat,210682.55
MH,2020-07-31,rice,166471.2
MH,2020-07-31,wheat,213198.83000000002
MH,2020-08-31,rice,165362.77
MH,2020-08-31,wheat,211428.43
MH,2020-10-31,rice,166472.94
MH,2020-10-31,wheat,184561.12
MH,2020-11-30,rice,166886.77
MH,2020-11-30,wheat,189406.56
MH,2020-12-31,rice,167316.63
MH,2020-12-31,wheat,205941.18
MH,2021-01-31,rice,167612.88
MH,2021-01-31,wheat,207112.0
MH,2021-02-28,rice,161319.59
MH,2021-02-28,wheat,189425.18
MH,2021-03-31,rice,163428.23
MH,2021-03-31,wheat,148281.97
MH,2021-04-30,rice,162670.3
MH,2021-04-30,wheat,174096.16
MH,2021-05-31,rice,167804.4
MH,2021-05-31,wheat,209773.95
MH,2021-06-30,rice,330723.74
MH,2021-06-30,wheat,414561.71
MH,2021-07-31,rice,157760.77
MH,2021-07-31,wheat,197186.44999999998
MH,2021-08-31,rice,153220.15
MH,2021-08-31,wheat,188832.78
MH,2021-09-30,rice,154234.46
MH,2021-09-30,wheat,183856.24
ML,2018-01-31,rice,10820.59
ML,2018-02-28,rice,10820.550000000001
ML,2018-03-31,rice,16530.31
ML,2018-04-30,rice,10859.54
ML,2018-05-31,rice,10859.47
ML,2018-06-30,rice,10859.47
ML,2018-07-31,rice,10859.62
ML,2018-08-31,rice,10859.62
ML,2018-09-30,rice,11209.79
ML,2018-10-31,rice,11705.08
ML,2018-11-30,rice,11527.86
ML,2018-12-31,rice,11954.08
ML,2019-01-31,rice,11754.21
ML,2019-02-28,rice,10896.33
ML,2019-02-28,wheat,831.37
ML,2019-03-31,rice,10967.26
ML,2019-03-31,wheat,831.37
ML,2019-04-30,rice,10923.03
ML,2019-04-30,wheat,831.37
ML,2019-05-31,rice,11755.36
ML,2019-06-30,rice,11755.36
ML,2019-07-31,rice,11755.54
ML,2019-08-31,rice,10589.93
ML,2019-09-30,rice,10283.78
ML,2019-10-31,rice,10761.69
ML,2019-11-30,rice,11759.1
ML,2019-12-31,rice,11586.23
ML,2020-01-31,rice,11759.130000000001
ML,2020-02-29,rice,11759.130000000001
ML,2020-03-31,rice,11727.77
ML,2020-04-30,rice,11727.74
ML,2020-05-31,rice,11554.869999999999
ML,2020-06-30,rice,10562.11
ML,2020-07-31,rice,10598.34
ML,2020-08-31,rice,11727.74
ML,2020-10-31,rice,16838.02
ML,2020-11-30,rice,21425.37
ML,2020-12-31,rice,22757.0
ML,2021-01-31,rice,23424.58
ML,2021-02-28,rice,23375.9
ML,2021-03-31,rice,23452.32
ML,2021-04-30,rice,23455.43
ML,2021-05-31,rice,20159.59
ML,2021-06-30,rice,20940.06
ML,2021-07-31,rice,50561.490000000005
ML,2021-08-31,rice,51450.420000000006
ML,2021-09-30,rice,588.31
MN,2017-12-31,rice,2057.67
MN,2018-01-31,rice,12076.67
MN,2018-02-28,rice,11815.61
MN,2018-03-31,rice,14425.310000000001
MN,2018-04-30,rice,11796.6
MN,2018-05-31,rice,11796.6
MN,2018-06-30,rice,11796.6
MN,2018-07-31,rice,12461.28
MN,2018-08-31,rice,11961.28
MN,2018-09-30,rice,12461.28
MN,2018-10-31,rice,12461.28
MN,2018-11-30,rice,12461.28
MN,2018-12-31,rice,12461.28
MN,2019-01-31,rice,12920.71
MN,2019-02-28,rice,12920.71
MN,2019-03-31,rice,12920.71
MN,2019-04-30,rice,12920.71
MN,2019-05-31,rice,12920.71
MN,2019-06-30,rice,13163.28
MN,2019-12-31,rice,17616.489999999998
MN,2020-01-31,rice,23918.06
MN,2020-02-29,rice,24029.9
MN,2020-03-31,rice,10542.0
MN,2020-04-30,rice,24048.98
MN,2020-05-31,rice,24050.68
MN,2020-06-30,rice,24167.2
MN,2020-07-31,rice,27312.2
MN,2020-08-31,rice,27383.92
MN,2020-10-31,rice,27359.670000000002
MN,2020-11-30,rice,27198.8
MN,2020-12-31,rice,27022.91
MN,2021-01-31,rice,26379.55
MN,2021-02-28,rice,23654.24
MN,2021-03-31,rice,23998.739999999998
MN,2021-04-30,rice,23998.739999999998
MN,2021-05-31,rice,21051.08
MN,2021-06-30,rice,21051.08
MN,2021-07-31,rice,20469.78
MN,2021-08-31,rice,20469.78
MN,2021-09-30,rice,20691.12
MP,2017-09-30,rice,72.51
MP,2017-09-30,wheat,217.93
MP,2017-10-31,wheat,211977.33
MP,2017-11-30,rice,72426.06999999999
MP,2017-11-30,wheat,209825.77
MP,2017-12-31,rice,74290.31999999999
MP,2017-12-31,wheat,218868.1
MP,2018-01-31,rice,66396.78
MP,2018-01-31,wheat,195143.59
MP,2018-02-28,rice,73440.91
MP,2018-02-28,wheat,220016.95
MP,2018-03-31,rice,73440.93000000001
MP,2018-03-31,wheat,220017.11
MP,2018-04-30,rice,95893.4
MP,2018-04-30,wheat,280594.45
MP,2018-05-31,rice,174629.41
MP,2018-05-31,wheat,580700.3
MP,2018-06-30,rice,165644.38
MP,2018-06-30,wheat,550474.87
MP,2018-07-31,rice,97003.7
MP,2018-07-31,wheat,286538.07
MP,2018-08-31,rice,90474.97
MP,2018-08-31,wheat,267565.32
MP,2018-09-30,rice,93470.9
MP,2018-09-30,wheat,271973.99
MP,2018-10-31,rice,92942.51
MP,2018-10-31,wheat,270064.25
MP,2018-11-30,rice,144635.32
MP,2018-11-30,wheat,466781.73
MP,2018-12-31,rice,141596.97
MP,2018-12-31,wheat,462347.63
MP,2019-01-31,rice,93729.67
MP,2019-01-31,wheat,280842.37
MP,2019-02-28,rice,114972.61
MP,2019-02-28,wheat,266167.79
MP,2019-03-31,rice,93553.92
MP,2019-03-31,wheat,275893.84
MP,2019-04-30,rice,84271.08
MP,2019-04-30,wheat,239107.73
MP,2019-05-31,rice,89192.55
MP,2019-05-31,wheat,253957.51
MP,2019-06-30,rice,92594.86
MP,2019-06-30,wheat,268770.43
MP,2019-07-31,rice,370882.85
MP,2019-07-31,wheat,1457353.72
MP,2019-08-31,rice,103475.3
MP,2019-08-31,wheat,983941.6000000001
MP,2019-09-30,rice,87522.27
MP,2019-09-30,wheat,293466.47000000003
MP,2019-10-31,rice,113533.54
MP,2019-10-31,wheat,363284.25
MP,2019-11-30,rice,104881.25
MP,2019-11-30,wheat,332844.28
MP,2019-12-31,rice,99986.07
MP,2019-12-31,wheat,309137.22000000003
MP,2020-01-31,rice,101626.43
MP,2020-01-31,wheat,323584.3
MP,2020-02-29,rice,100674.32
MP,2020-02-29,wheat,329807.22
MP,2020-03-31,rice,191515.71
MP,2020-03-31,wheat,726211.49
MP,2020-04-30,rice,102175.68
MP,2020-04-30,wheat,324352.91000000003
MP,2020-05-31,rice,102866.24
MP,2020-05-31,wheat,329166.94
MP,2020-06-30,rice,98108.5
MP,2020-06-30,wheat,299722.44
MP,2020-07-31,rice,186871.97
MP,2020-07-31,wheat,677783.68
MP,2020-08-31,rice,96531.33
MP,2020-08-31,wheat,291550.93
MP,2020-10-31,rice,142124.43
MP,2020-10-31,wheat,504682.92
MP,2020-11-30,rice,78852.69
MP,2020-11-30,wheat,241031.84
MP,2020-12-31,rice,76137.2
MP,2020-12-31,wheat,241211.41
MP,2021-01-31,rice,84622.19
MP,2021-01-31,wheat,293299.79
MP,2021-02-28,rice,128715.71
MP,2021-02-28,wheat,405235.14
MP,2021-03-31,rice,171382.98
MP,2021-03-31,wheat,529752.46
MP,2021-04-30,rice,114531.15000000001
MP,2021-04-30,wheat,257337.25999999998
MP,2021-05-31,rice,71125.53
MP,2021-05-31,wheat,194826.43
MP,2021-06-30,rice,73452.47
MP,2021-06-30,wheat,232233.63
MP,2021-07-31,rice,74489.7
MP,2021-07-31,wheat,228832.82
MP,2021-08-31,rice,66708.27
MP,2021-08-31,wheat,180247.33
MP,2021-09-30,rice,60930.13
MP,2021-09-30,wheat,193792.87
MZ,2017-01-31,rice,650.85
MZ,2017-02-28,rice,651.1
MZ,2017-03-31,rice,651.55
MZ,2017-04-30,rice,651.34
MZ,2017-05-31,rice,1052.23
MZ,2017-06-30,rice,1050.6
MZ,2017-07-31,rice,1049.64
MZ,2017-08-31,rice,1048.65
MZ,2017-09-30,rice,1048.98
MZ,2017-10-31,rice,1046.05
MZ,2017-11-30,rice,1038.8899999999999
MZ,2017-12-31,rice,1053.44
MZ,2018-01-31,rice,3858.53
MZ,2018-02-28,rice,5637.17
MZ,2018-03-31,rice,4749.96
MZ,2018-04-30,rice,5500.75
MZ,2018-05-31,rice,4018.98
MZ,2018-06-30,rice,4011.21
MZ,2018-07-31,rice,3989.4700000000003
MZ,2018-08-31,rice,4137.63
MZ,2018-09-30,rice,4358.87
MZ,2018-10-31,rice,4031.7200000000003
MZ,2018-11-30,rice,4119.02
MZ,2018-12-31,rice,4231.45
MZ,2019-01-31,rice,4744.99
MZ,2019-02-28,rice,4103.66
MZ,2019-03-31,rice,4397.42
MZ,2019-04-30,rice,4030.52
MZ,2019-05-31,rice,3852.24
MZ,2019-06-30,rice,4112.16
MZ,2019-07-31,rice,4238.14
MZ,2019-08-31,rice,3642.52
MZ,2019-09-30,rice,3874.14
MZ,2019-10-31,rice,3913.1
MZ,2019-11-30,rice,3328.5499999999997
MZ,2019-12-31,rice,978.75
MZ,2020-02-29,rice,3980.2999999999997
MZ,2020-03-31,rice,3984.92
MZ,2020-04-30,rice,3993.04
MZ,2020-05-31,rice,3994.17
MZ,2020-06-30,rice,3992.67
MZ,2020-07-31,rice,3993.19
MZ,2020-08-31,rice,3986.87
MZ,2020-10-31,rice,3965.2599999999998
MZ,2020-11-30,rice,3955.94
MZ,2020-12-31,rice,3955.6099999999997
MZ,2021-01-31,rice,3956.4300000000003
MZ,2021-02-28,rice,3954.85
MZ,2021-03-31,rice,3955.72
MZ,2021-04-30,rice,3963.01
MZ,2021-05-31,rice,3985.9
MZ,2021-06-30,rice,3968.5
MZ,2021-07-31,rice,3955.5299999999997
MZ,2021-08-31,rice,3925.45
MZ,2021-09-30,rice,3917.69
NL,2018-01-31,rice,7632.13
NL,2018-02-28,rice,7632.13
NL,2018-03-31,rice,7632.120000000001
NL,2018-04-30,rice,7632.13
NL,2018-05-31,rice,7632.13
NL,2018-06-30,rice,7632.13
NL,2018-07-31,rice,7632.13
NL,2018-08-31,rice,7632.13
NL,2018-09-30,rice,7632.13
NL,2018-10-31,rice,7632.13
NL,2018-11-30,rice,7632.13
NL,2018-12-31,rice,7632.13
NL,2019-01-31,rice,7632.13
NL,2019-02-28,rice,7632.13
NL,2019-03-31,rice,7632.18
NL,2019-04-30,rice,7632.13
NL,2019-05-31,rice,7628.75
NL,2019-06-30,rice,7623.62
NL,2019-07-31,rice,7616.74
NL,2019-08-31,rice,7618.44
NL,2019-09-30,rice,7603.31
NL,2019-11-30,rice,8138.49
NL,2019-12-31,rice,8651.23
NL,2020-01-31,rice,13983.79
NL,2020-02-29,rice,12979.55
NL,2020-03-31,rice,14325.14
NL,2020-04-30,rice,14272.69
NL,2020-05-31,rice,9415.13
NL,2020-06-30,rice,7148.87
NL,2020-07-31,rice,7925.73
NL,2020-08-31,rice,7839.8
NL,2020-10-31,rice,7454.64
NL,2020-11-30,rice,7216.26
NL,2020-12-31,rice,6718.99
NL,2021-01-31,rice,6759.66
NL,2021-02-28,rice,6779.58
NL,2021-03-31,rice,6736.38
NL,2021-04-30,rice,6732.91
NL,2021-05-31,rice,6470.41
NL,2021-06-30,rice,6259.7300000000005
NL,2021-07-31,rice,6218.860000000001
NL,2021-08-31,rice,6122.37
NL,2021-09-30,rice,6158.349999999999
OD,2017-09-30,rice,155.58
OD,2017-09-30,wheat,45.34
OD,2017-10-31,wheat,27217.93
OD,2017-11-30,rice,155815.8
OD,2017-11-30,wheat,24800.5
OD,2017-12-31,rice,153639.1
OD,2017-12-31,wheat,24722.66
OD,2018-01-31,rice,156430.2
OD,2018-01-31,wheat,24703.88
OD,2018-02-28,rice,157551.75
OD,2018-02-28,wheat,24648.9
OD,2018-03-31,rice,158624.84
OD,2018-03-31,wheat,24633.07
OD,2018-04-30,rice,285416.48
OD,2018-04-30,wheat,45551.93
OD,2018-05-31,rice,443979.78
OD,2018-05-31,wheat,69008.85
OD,2018-06-30,rice,279622.24
OD,2018-06-30,wheat,44315.22
OD,2018-07-31,rice,302326.45
OD,2018-07-31,wheat,45727.8
OD,2018-08-31,rice,287947.84
OD,2018-08-31,wheat,46321.18
OD,2018-09-30,rice,291333.66
OD,2018-09-30,wheat,45816.99
OD,2018-10-31,rice,287795.14
OD,2018-10-31,wheat,45795.27
OD,2018-11-30,rice,283964.69
OD,2018-11-30,wheat,44990.94
OD,2018-12-31,rice,284017.23
OD,2018-12-31,wheat,43978.79
OD,2019-01-31,rice,280719.36
OD,2019-01-31,wheat,43435.81
OD,2019-02-28,rice,203399.49
OD,2019-02-28,wheat,31785.46
OD,2019-03-31,rice,199306.91999999998
OD,2019-03-31,wheat,28864.260000000002
OD,2019-04-30,rice,319664.44
OD,2019-04-30,wheat,48733.03
OD,2019-05-31,rice,318303.55
OD,2019-05-31,wheat,48489.38
OD,2019-06-30,rice,318268.4
OD,2019-06-30,wheat,48496.58
OD,2019-07-31,rice,176714.95
OD,2019-07-31,wheat,27488.38
OD,2019-08-31,rice,159013.3
OD,2019-08-31,wheat,24655.13
OD,2019-09-30,rice,256541.64
OD,2019-09-30,wheat,42936.38
OD,2019-10-31,rice,62002.649999999994
OD,2019-10-31,wheat,12854.1
OD,2019-11-30,rice,186678.24
OD,2019-11-30,wheat,27556.25
OD,2019-12-31,rice,394680.02
OD,2019-12-31,wheat,61015.11
OD,2020-01-31,rice,80709.94
OD,2020-01-31,wheat,14460.16
OD,2020-02-29,rice,910384.2999999999
OD,2020-02-29,wheat,56802.409999999996
OD,2020-03-31,rice,219514.73
OD,2020-03-31,wheat,34194.43
OD,2020-04-30,rice,176625.67
OD,2020-04-30,wheat,25783.36
OD,2020-05-31,rice,183786.91
OD,2020-05-31,wheat,26984.3
OD,2020-06-30,rice,176655.23
OD,2020-06-30,wheat,25784.11
OD,2020-07-31,rice,176306.42
OD,2020-07-31,wheat,25718.37
OD,2020-08-31,rice,183527.46
OD,2020-08-31,wheat,28273.64
OD,2020-10-31,rice,175665.91
OD,2020-10-31,wheat,27870.3
OD,2020-11-30,rice,169695.1
OD,2020-11-30,wheat,26542.53
OD,2020-12-31,rice,175366.91
OD,2020-12-31,wheat,27824.24
OD,2021-01-31,rice,169715.16
OD,2021-01-31,wheat,26390.39
OD,2021-02-28,rice,169571.1
OD,2021-02-28,wheat,26505.97
OD,2021-03-31,rice,173066.84
OD,2021-03-31,wheat,27211.08
OD,2021-04-30,rice,162317.04
OD,2021-04-30,wheat,23943.97
OD,2021-05-31,rice,162463.11
OD,2021-05-31,wheat,23958.46
OD,2021-06-30,rice,162463.11
OD,2021-06-30,wheat,23958.46
OD,2021-07-31,rice,104868.85
OD,2021-07-31,wheat,15180.34
OD,2021-08-31,rice,104868.85
OD,2021-08-31,wheat,15180.34
PB,2017-11-30,wheat,11369.22
PB,2017-12-31,wheat,11369.22
PB,2018-01-31,wheat,197825.48
PB,2018-02-28,wheat,315921.8
PB,2018-03-31,wheat,440439.22
PB,2018-04-30,wheat,376548.28
PB,2018-05-31,wheat,83488.17000000001
PB,2018-06-30,wheat,447724.26
PB,2018-07-31,wheat,457884.21
PB,2018-08-31,wheat,457884.21
PB,2018-09-30,wheat,422146.68
PB,2018-10-31,wheat,422146.68
PB,2019-01-31,wheat,421701.92
PB,2019-02-28,wheat,421701.92
PB,2019-03-31,wheat,430700.13
PB,2019-06-30,wheat,419829.41
PB,2019-07-31,wheat,419829.41
PB,2019-08-31,wheat,419829.41
PB,2019-09-30,wheat,419829.41
PB,2020-01-31,wheat,412888.57
PB,2020-02-29,wheat,141196.63
PB,2020-03-31,wheat,261832.04
PB,2020-04-30,wheat,33767.4
PB,2020-08-31,wheat,422102.31
PB,2021-03-31,wheat,446436.06
PB,2021-07-31,wheat,429782.88
PB,2021-08-31,wheat,429782.88
RJ,2017-09-30,wheat,194106.81
RJ,2017-10-31,wheat,183086.94
RJ,2017-11-30,wheat,180613.78
RJ,2017-12-31,wheat,196044.2
RJ,2018-01-31,wheat,191702.58000000002
RJ,2018-02-28,wheat,190428.43
RJ,2018-03-31,wheat,230040.57
RJ,2018-04-30,wheat,231300.39
RJ,2018-05-31,wheat,232939.86
RJ,2018-06-30,wheat,229550.71
RJ,2018-07-31,wheat,233046.87
RJ,2018-08-31,wheat,214006.38
RJ,2018-09-30,wheat,217731.44
RJ,2018-10-31,wheat,223884.59
RJ,2018-11-30,wheat,223424.33000000002
RJ,2018-12-31,wheat,229701.12
RJ,2019-01-31,wheat,226230.19
RJ,2019-02-28,wheat,226989.42
RJ,2019-03-31,wheat,228699.4
RJ,2019-04-30,wheat,231019.6
RJ,2019-05-31,wheat,212548.69
RJ,2019-06-30,wheat,231741.39
RJ,2019-07-31,wheat,243917.85
RJ,2019-08-31,wheat,231187.22
RJ,2019-09-30,wheat,232076.25
RJ,2019-10-31,wheat,232095.9
RJ,2019-11-30,wheat,232029.0
RJ,2019-12-31,wheat,232561.93
RJ,2020-01-31,wheat,232425.0
RJ,2020-02-29,wheat,232413.22
RJ,2020-03-31,wheat,228772.8
RJ,2020-04-30,wheat,241501.3
RJ,2020-05-31,wheat,239791.11000000002
RJ,2020-06-30,wheat,234500.85
RJ,2020-07-31,wheat,234362.74
RJ,2020-08-31,wheat,235543.77
RJ,2020-10-31,wheat,233489.38
RJ,2020-11-30,wheat,233135.85
RJ,2020-12-31,wheat,232906.04
RJ,2021-01-31,wheat,232825.34
RJ,2021-02-28,wheat,232008.5
RJ,2021-03-31,wheat,209960.91
RJ,2021-04-30,wheat,213504.41
RJ,2021-05-31,wheat,213033.83
RJ,2021-06-30,wheat,217671.18
RJ,2021-07-31,wheat,179785.74
RJ,2021-08-31,wheat,182844.52
RJ,2021-09-30,wheat,180813.11
SK,2018-01-31,rice,1809.43
SK,2018-01-31,wheat,550.46
SK,2018-02-28,rice,2435.56
SK,2018-02-28,wheat,550.64
SK,2018-03-31,rice,8370.21
SK,2018-04-30,rice,3169.52
SK,2018-05-31,rice,3174.9900000000002
SK,2018-06-30,rice,3170.3
SK,2018-07-31,rice,3765.95
SK,2018-08-31,rice,2855.04
SK,2018-08-31,wheat,849.77
SK,2018-09-30,rice,4395.7699999999995
SK,2018-10-31,rice,4395.83
SK,2018-11-30,rice,4389.33
SK,2018-12-31,rice,4249.04
SK,2018-12-31,wheat,140.66
SK,2019-01-31,rice,4411.65
SK,2019-02-28,rice,4395.54
SK,2019-03-31,rice,4395.77
SK,2019-04-30,rice,4395.6
SK,2019-05-31,rice,4395.82
SK,2019-06-30,rice,4395.12
SK,2019-07-31,rice,4395.3099999999995
SK,2019-08-31,rice,4374.84
SK,2019-09-30,rice,4344.48
SK,2019-10-31,rice,4357.5
SK,2019-11-30,rice,4358.360000000001
SK,2019-12-31,rice,4363.43
SK,2020-01-31,rice,4369.98
SK,2020-02-29,rice,4370.08
SK,2020-03-31,rice,4373.71
SK,2020-04-30,rice,4372.39
SK,2020-05-31,rice,4352.9400000000005
SK,2020-06-30,rice,4203.19
SK,2020-06-30,wheat,140.87
SK,2020-07-31,rice,2171.93
SK,2020-08-31,rice,2175.49
SK,2020-10-31,rice,2123.73
SK,2020-11-30,rice,2130.02
SK,2020-12-31,rice,2134.98
SK,2021-01-31,rice,2140.5
SK,2021-02-28,rice,2142.69
SK,2021-03-31,rice,2144.5699999999997
SK,2021-04-30,rice,2148.45
SK,2021-05-31,rice,2153.46
SK,2021-06-30,rice,2155.09
SK,2021-07-31,rice,2157.14
SK,2021-08-31,rice,2157.03
TN,2017-09-30,rice,653.85
TN,2017-09-30,wheat,27.92
TN,2017-10-31,rice,700918.3099999999
TN,2017-10-31,wheat,31212.22
TN,2017-11-30,rice,701707.04
TN,2017-11-30,wheat,31438.6
TN,2017-12-31,rice,705973.59
TN,2017-12-31,wheat,30889.0
TN,2018-01-31,rice,218804.33000000002
TN,2018-01-31,wheat,11920.51
TN,2018-02-28,rice,215686.54
TN,2018-02-28,wheat,13898.300000000001
TN,2018-03-31,rice,188332.58
TN,2018-03-31,wheat,6517.4400000000005
TN,2018-04-30,rice,217017.5
TN,2018-04-30,wheat,6929.5
TN,2018-05-31,rice,217044.81
TN,2018-05-31,wheat,6900.76
TN,2018-06-30,rice,216310.03
TN,2018-06-30,wheat,6900.96
TN,2018-07-31,rice,216272.96
TN,2018-07-31,wheat,6900.76
TN,2018-08-31,rice,216101.23
TN,2018-08-31,wheat,6900.96
TN,2018-09-30,rice,216193.96
TN,2018-09-30,wheat,6900.81
TN,2018-10-31,rice,214752.48
TN,2018-10-31,wheat,6901.39
TN,2018-11-30,rice,213354.08
TN,2018-11-30,wheat,6899.4
TN,2018-12-31,rice,213072.1
TN,2018-12-31,wheat,6892.95
TN,2019-01-31,rice,213406.81
TN,2019-01-31,wheat,6890.93
TN,2019-02-28,rice,213485.85
TN,2019-02-28,wheat,6888.3
TN,2019-03-31,rice,213720.1
TN,2019-03-31,wheat,6885.639999999999
TN,2019-04-30,rice,214129.93
TN,2019-04-30,wheat,6882.65
TN,2019-05-31,rice,215260.62
TN,2019-05-31,wheat,6879.6900000000005
TN,2019-06-30,rice,215835.46
TN,2019-06-30,wheat,6907.74
TN,2019-07-31,rice,216011.08000000002
TN,2019-07-31,wheat,6906.08
TN,2019-08-31,rice,216238.59
TN,2019-08-31,wheat,6903.43
TN,2019-09-30,rice,216161.41
TN,2019-09-30,wheat,6901.0
TN,2019-10-31,rice,216036.25
TN,2019-10-31,wheat,6898.2
TN,2019-11-30,rice,216325.01
TN,2019-11-30,wheat,6896.15
TN,2019-12-31,rice,216406.02
TN,2019-12-31,wheat,6895.15
TN,2020-01-31,rice,216836.91
TN,2020-01-31,wheat,6914.04
TN,2020-02-29,rice,216971.05
TN,2020-02-29,wheat,6911.33
TN,2020-03-31,rice,236274.61000000002
TN,2020-03-31,wheat,7317.05
TN,2020-04-30,rice,236680.88
TN,2020-04-30,wheat,7367.55
TN,2020-05-31,rice,236208.3
TN,2020-05-31,wheat,7800.1900000000005
TN,2020-06-30,rice,237189.47
TN,2020-06-30,wheat,7788.91
TN,2020-07-31,rice,233116.76
TN,2020-07-31,wheat,7815.86
TN,2020-08-31,rice,228829.45
TN,2020-08-31,wheat,7385.79
TN,2020-10-31,rice,216671.84
TN,2020-10-31,wheat,21607.03
TN,2020-11-30,rice,237205.01
TN,2020-11-30,wheat,22149.96
TN,2020-12-31,rice,237682.42
TN,2020-12-31,wheat,21422.21
TN,2021-01-31,rice,213860.0
TN,2021-01-31,wheat,21338.5
TN,2021-02-28,rice,213780.0
TN,2021-02-28,wheat,21344.35
TN,2021-03-31,rice,213843.0
TN,2021-03-31,wheat,21364.48
TN,2021-04-30,rice,205217.14
TN,2021-04-30,wheat,21335.73
TN,2021-05-31,rice,198259.23
TN,2021-05-31,wheat,21336.76
TN,2021-06-30,rice,198746.88
TN,2021-06-30,wheat,21338.59
TN,2021-07-31,rice,145975.0
TN,2021-07-31,wheat,15084.22
TN,2021-08-31,rice,146034.11
TN,2021-08-31,wheat,15083.0
TN,2021-09-30,rice,146081.06
TN,2021-09-30,wheat,15083.0
TN,2021-10-31,rice,6445.0
TN,2021-10-31,wheat,599.0
TR,2018-01-31,rice,3416.08
TR,2018-02-28,rice,17541.88
TR,2018-02-28,wheat,1629.66
TR,2018-03-31,rice,17561.63
TR,2018-03-31,wheat,1638.08
TR,2018-04-30,rice,19382.67
TR,2018-04-30,wheat,1627.93
TR,2018-05-31,rice,28628.64
TR,2018-06-30,rice,27416.53
TR,2018-07-31,rice,27325.59
TR,2018-08-31,rice,26822.49
TR,2018-09-30,rice,26869.989999999998
TR,2018-10-31,rice,26935.010000000002
TR,2018-11-30,rice,27000.14
TR,2018-12-31,rice,27033.41
TR,2019-01-31,rice,27053.04
TR,2019-02-28,rice,27066.88
TR,2019-03-31,rice,27027.34
TR,2019-04-30,rice,27116.61
TR,2019-05-31,rice,27131.47
TR,2019-06-30,rice,27141.48
TR,2019-07-31,rice,13526.66
TR,2019-08-31,rice,13535.52
TR,2019-09-30,rice,27083.0
TR,2019-10-31,rice,27154.22
TR,2019-11-30,rice,13592.029999999999
TR,2019-12-31,rice,13590.05
TR,2020-01-31,rice,13584.150000000001
TR,2020-01-31,wheat,0.01
TR,2020-02-29,rice,13576.95
TR,2020-03-31,rice,13571.18
TR,2020-04-30,rice,13559.8
TR,2020-05-31,rice,13555.27
TR,2020-06-30,rice,13553.28
TR,2020-07-31,rice,13550.0
TR,2020-08-31,rice,13538.49
TR,2020-10-31,rice,13520.61
TR,2020-10-31,wheat,0.1
TR,2020-11-30,rice,13515.380000000001
TR,2020-11-30,wheat,0.01
TR,2020-12-31,rice,13507.95
TR,2020-12-31,wheat,0.01
TR,2021-01-31,rice,13499.369999999999
TR,2021-02-28,rice,13529.23
TR,2021-03-31,rice,13683.68
TR,2021-04-30,rice,13768.27
TR,2021-05-31,rice,13769.41
TR,2021-06-30,rice,13778.3
TR,2021-07-31,rice,13784.150000000001
TR,2021-08-31,rice,13785.2
TR,2021-09-30,rice,13770.63
TS,2017-08-31,rice,46.75
TS,2017-08-31,wheat,1.45
TS,2017-09-30,rice,66.13
TS,2017-09-30,wheat,1.75
TS,2017-10-31,wheat,1753.3200000000002
TS,2017-11-30,rice,84059.29
TS,2017-11-30,wheat,1911.93
TS,2017-12-31,rice,84059.53
TS,2017-12-31,wheat,1919.1100000000001
TS,2018-01-31,rice,84056.88
TS,2018-01-31,wheat,1919.1
TS,2018-02-28,rice,125268.42
TS,2018-02-28,wheat,2180.6200000000003
TS,2018-03-31,rice,152999.81
TS,2018-03-31,wheat,2180.6200000000003
TS,2018-04-30,rice,144289.34
TS,2018-05-31,rice,138345.37
TS,2018-06-30,rice,138365.86
TS,2018-07-31,rice,138316.07
TS,2018-08-31,rice,138299.54
TS,2018-09-30,rice,180979.45
TS,2018-10-31,rice,140232.76
TS,2018-11-30,rice,140240.47
TS,2018-12-31,rice,140280.52
TS,2019-01-31,rice,140243.29
TS,2019-02-28,rice,140113.32
TS,2019-03-31,rice,139131.73
TS,2019-04-30,rice,138862.55
TS,2019-05-31,rice,138876.75
TS,2019-06-30,rice,138928.13
TS,2019-07-31,rice,139035.97
TS,2019-08-31,rice,158332.88999999998
TS,2019-09-30,rice,109027.7
TS,2019-10-31,rice,108737.61
TS,2019-11-30,rice,108796.79
TS,2019-12-31,rice,108992.84999999999
TS,2020-01-31,rice,109228.43000000001
TS,2020-02-29,rice,109343.84
TS,2020-03-31,rice,109309.56999999999
TS,2020-04-30,rice,109450.1
TS,2020-05-31,rice,109478.31
TS,2020-06-30,rice,109181.48
TS,2020-07-31,rice,108863.34
TS,2020-08-31,rice,108698.82
TS,2020-10-31,rice,108624.25
TS,2020-11-30,rice,108497.81
TS,2020-12-31,rice,108707.20999999999
TS,2021-01-31,rice,107959.09
TS,2021-02-28,rice,108231.68000000001
TS,2021-03-31,rice,108051.52
TS,2021-04-30,rice,107974.69
TS,2021-05-31,rice,107855.13
TS,2021-06-30,rice,108377.75
TS,2021-07-31,rice,78434.71
TS,2021-08-31,rice,78419.52
TS,2021-09-30,rice,76116.75
UK,2018-01-31,rice,8913.09
UK,2018-01-31,wheat,5462.65
UK,2018-02-28,rice,15663.22
UK,2018-02-28,wheat,9599.57
UK,2018-03-31,rice,17621.6
UK,2018-03-31,wheat,10757.67
UK,2018-04-30,rice,21209.88
UK,2018-04-30,wheat,13109.779999999999
UK,2018-05-31,rice,23502.42
UK,2018-05-31,wheat,14175.09
UK,2018-06-30,rice,34727.27
UK,2018-06-30,wheat,22573.35
UK,2018-07-31,rice,22666.010000000002
UK,2018-07-31,wheat,13970.72
UK,2018-08-31,rice,36236.73
UK,2018-08-31,wheat,22880.76
UK,2018-09-30,rice,32774.92
UK,2018-09-30,wheat,20630.2
UK,2018-10-31,rice,33247.19
UK,2018-10-31,wheat,20917.71
UK,2018-11-30,rice,40556.35
UK,2018-11-30,wheat,25986.95
UK,2018-12-31,rice,40972.86
UK,2018-12-31,wheat,25987.309999999998
UK,2019-01-31,rice,40047.34
UK,2019-01-31,wheat,25420.3
UK,2019-02-28,rice,39732.159999999996
UK,2019-02-28,wheat,25232.34
UK,2019-03-31,rice,37453.48
UK,2019-03-31,wheat,23954.43
UK,2019-04-30,rice,40886.55
UK,2019-04-30,wheat,25934.49
UK,2019-05-31,rice,40647.54
UK,2019-05-31,wheat,25910.56
UK,2019-06-30,rice,41004.59
UK,2019-06-30,wheat,26024.920000000002
UK,2019-07-31,rice,41411.47
UK,2019-07-31,wheat,25381.21
UK,2019-08-31,rice,41424.62
UK,2019-08-31,wheat,25389.25
UK,2019-09-30,rice,41388.3
UK,2019-09-30,wheat,25366.98
UK,2019-10-31,rice,41328.770000000004
UK,2019-10-31,wheat,25303.82
UK,2019-11-30,rice,40947.17
UK,2019-11-30,wheat,25280.489999999998
UK,2019-12-31,rice,41207.18
UK,2019-12-31,wheat,25256.0
UK,2020-01-31,rice,41207.19
UK,2020-01-31,wheat,25256.0
UK,2020-02-29,rice,41121.05
UK,2020-02-29,wheat,25203.489999999998
UK,2020-03-31,rice,40862.26
UK,2020-03-31,wheat,25410.29
UK,2020-04-30,rice,41216.53
UK,2020-04-30,wheat,25261.75
UK,2020-05-31,rice,39258.39
UK,2020-05-31,wheat,23370.05
UK,2020-06-30,rice,32664.31
UK,2020-06-30,wheat,20019.62
UK,2020-07-31,rice,41333.090000000004
UK,2020-07-31,wheat,25414.43
UK,2020-08-31,rice,41356.12
UK,2020-08-31,wheat,25318.2
UK,2020-10-31,rice,38547.51
UK,2020-10-31,wheat,24803.68
UK,2020-11-30,rice,39407.45
UK,2020-11-30,wheat,24152.620000000003
UK,2020-12-31,rice,40414.01
UK,2020-12-31,wheat,24760.09
UK,2021-01-31,rice,37333.35
UK,2021-01-31,wheat,23322.43
UK,2021-02-28,rice,41958.63
UK,2021-02-28,wheat,25720.32
UK,2021-03-31,rice,39106.02
UK,2021-03-31,wheat,24117.73
UK,2021-04-30,rice,40005.07
UK,2021-04-30,wheat,24537.9
UK,2021-05-31,rice,40300.380000000005
UK,2021-05-31,wheat,24826.98
UK,2021-06-30,rice,41067.98
UK,2021-06-30,wheat,25566.78
UK,2021-07-31,rice,34613.71
UK,2021-07-31,wheat,24324.239999999998
UK,2021-08-31,rice,42926.89
UK,2021-08-31,wheat,28595.440000000002
UK,2021-09-30,rice,40323.1
UK,2021-09-30,wheat,25105.64
UP,2017-10-31,rice,325445.6
UP,2017-10-31,wheat,477932.1
UP,2017-11-30,rice,324058.94
UP,2017-11-30,wheat,475852.21
UP,2017-12-31,rice,330437.52
UP,2017-12-31,wheat,485294.8
UP,2018-01-31,rice,1446317.08
UP,2018-01-31,wheat,2128547.56
UP,2018-02-28,rice,991497.11
UP,2018-02-28,wheat,1457305.54
UP,2018-03-31,rice,520394.99
UP,2018-03-31,wheat,761164.27
UP,2018-04-30,rice,639064.77
UP,2018-04-30,wheat,935738.67
UP,2018-05-31,rice,638268.99
UP,2018-05-31,wheat,934545.0
UP,2018-06-30,rice,627877.13
UP,2018-06-30,wheat,921343.04
UP,2018-07-31,rice,627742.44
UP,2018-07-31,wheat,921141.11
UP,2018-08-31,rice,620202.69
UP,2018-08-31,wheat,909831.44
UP,2018-09-30,rice,612104.66
UP,2018-09-30,wheat,895298.4
UP,2018-10-31,rice,609385.49
UP,2018-10-31,wheat,891219.68
UP,2018-11-30,rice,611556.93
UP,2018-11-30,wheat,894476.92
UP,2018-12-31,rice,616067.28
UP,2018-12-31,wheat,901303.7
UP,2019-01-31,rice,602962.49
UP,2019-01-31,wheat,875145.47
UP,2019-02-28,rice,607743.13
UP,2019-02-28,wheat,885806.26
UP,2019-03-31,rice,634699.36
UP,2019-03-31,wheat,889064.3
UP,2019-04-30,rice,627365.97
UP,2019-04-30,wheat,921180.21
UP,2019-05-31,rice,622563.49
UP,2019-05-31,wheat,984504.72
UP,2019-06-30,rice,618582.82
UP,2019-06-30,wheat,927443.77
UP,2019-07-31,rice,601196.01
UP,2019-07-31,wheat,885829.61
UP,2019-08-31,rice,618422.07
UP,2019-08-31,wheat,879491.24
UP,2019-09-30,rice,606494.21
UP,2019-09-30,wheat,887730.12
UP,2019-10-31,rice,622433.33
UP,2019-10-31,wheat,912572.66
UP,2019-11-30,rice,617950.72
UP,2019-11-30,wheat,992210.93
UP,2019-12-31,rice,611857.98
UP,2019-12-31,wheat,895860.68
UP,2020-01-31,rice,1144897.9
UP,2020-01-31,wheat,879124.92
UP,2020-02-29,rice,938731.32
UP,2020-02-29,wheat,886825.48
UP,2020-03-31,rice,521620.98
UP,2020-03-31,wheat,765945.58
UP,2020-04-30,rice,510424.39
UP,2020-04-30,wheat,743450.16
UP,2020-05-31,rice,527445.61
UP,2020-05-31,wheat,729760.56
UP,2020-06-30,rice,480733.54
UP,2020-06-30,wheat,706176.48
UP,2020-07-31,rice,478018.84
UP,2020-07-31,wheat,706244.23
UP,2020-08-31,rice,474950.6
UP,2020-08-31,wheat,698007.33
UP,2020-10-31,rice,432048.96
UP,2020-10-31,wheat,634877.31
UP,2020-11-30,rice,438445.43
UP,2020-11-30,wheat,651270.38
UP,2020-12-31,rice,457346.71
UP,2020-12-31,wheat,668895.6
UP,2021-01-31,rice,450453.26
UP,2021-01-31,wheat,662143.1
UP,2021-02-28,rice,440775.94
UP,2021-02-28,wheat,617614.94
UP,2021-03-31,rice,425353.28
UP,2021-03-31,wheat,590305.43
UP,2021-04-30,rice,423870.08
UP,2021-04-30,wheat,582332.12
UP,2021-05-31,rice,430654.59
UP,2021-05-31,wheat,673062.01
UP,2021-06-30,rice,440061.43
UP,2021-06-30,wheat,646077.71
UP,2021-07-31,rice,390766.98
UP,2021-07-31,wheat,580030.89
UP,2021-08-31,rice,378394.57
UP,2021-08-31,wheat,561938.29
UP,2021-09-30,rice,302039.04
UP,2021-09-30,wheat,444048.5
WB,2018-02-28,rice,25803.48
WB,2018-02-28,wheat,37980.35
WB,2018-03-31,rice,116406.95
WB,2018-03-31,wheat,171414.16
WB,2018-04-30,rice,134090.83000000002
WB,2018-04-30,wheat,197016.41
WB,2018-05-31,rice,134115.48
WB,2018-05-31,wheat,199457.91
WB,2018-06-30,rice,134115.4
WB,2018-06-30,wheat,197050.88
WB,2018-07-31,rice,134115.42
WB,2018-07-31,wheat,197050.88
WB,2018-08-31,rice,133995.77
WB,2018-08-31,wheat,196889.25
WB,2018-09-30,rice,133995.77
WB,2018-09-30,wheat,196878.61000000002
WB,2018-10-31,rice,134246.01
WB,2018-10-31,wheat,196889.28
WB,2018-11-30,rice,134246.84
WB,2018-11-30,wheat,197143.65
WB,2018-12-31,rice,134183.67
WB,2018-12-31,wheat,196889.27
WB,2019-01-31,rice,133995.77
WB,2019-01-31,wheat,196889.29
WB,2019-02-28,rice,133995.74
WB,2019-02-28,wheat,196890.23
WB,2019-03-31,rice,133995.74
WB,2019-03-31,wheat,196889.27000000002
WB,2019-04-30,rice,133995.72
WB,2019-04-30,wheat,196889.24
WB,2019-05-31,rice,133995.78
WB,2019-05-31,wheat,196889.26
WB,2019-06-30,rice,134290.99
WB,2019-06-30,wheat,197312.49
WB,2019-07-31,rice,183732.14
WB,2019-07-31,wheat,270946.54
WB,2019-08-31,rice,184712.48
WB,2019-08-31,wheat,274867.12
WB,2019-09-30,rice,141010.61
WB,2019-09-30,wheat,207264.61
WB,2019-10-31,rice,133995.7
WB,2019-10-31,wheat,196889.19
WB,2019-11-30,rice,133995.72
WB,2019-11-30,wheat,196889.22999999998
WB,2019-12-31,rice,135250.73
WB,2019-12-31,wheat,196889.2
WB,2020-01-31,rice,135221.94
WB,2020-01-31,wheat,196889.22
WB,2020-02-29,rice,135539.71
WB,2020-02-29,wheat,196889.21
WB,2020-03-31,rice,135448.51
WB,2020-03-31,wheat,196918.95
WB,2020-04-30,rice,135612.27
WB,2020-04-30,wheat,196916.12
WB,2020-05-31,rice,141342.66999999998
WB,2020-05-31,wheat,196471.41
WB,2020-06-30,rice,143162.24
WB,2020-06-30,wheat,196712.3
WB,2020-07-31,rice,142907.83
WB,2020-07-31,wheat,196493.62
WB,2020-08-31,rice,142528.38
WB,2020-08-31,wheat,196219.82
WB,2020-10-31,rice,133478.71
WB,2020-10-31,wheat,196085.0
WB,2020-11-30,rice,133825.47
WB,2020-11-30,wheat,196565.33
WB,2020-12-31,rice,133781.83
WB,2020-12-31,wheat,196488.25
WB,2021-01-31,rice,133819.02
WB,2021-01-31,wheat,196538.88999999998
WB,2021-02-28,rice,133429.5
WB,2021-02-28,wheat,195956.01
WB,2021-03-31,rice,132303.35
WB,2021-03-31,wheat,194360.02
WB,2021-04-30,rice,133167.49
WB,2021-04-30,wheat,195555.21
WB,2021-05-31,rice,133572.9
WB,2021-05-31,wheat,196183.94
WB,2021-06-30,rice,133737.97
WB,2021-06-30,wheat,196462.84
WB,2021-07-31,rice,45561.09
WB,2021-07-31,wheat,67019.11
WB,2021-08-31,rice,45130.700000000004
WB,2021-08-31,wheat,68354.21
WB,2021-09-30,rice,45813.83
WB,2021-09-30,wheat,69226.47
